store_id,store_name,theme_id,theme_name,keywords,play_time,price,time_table_weekday,time_table_Friday,time_table_weekend,weekend_start,closed_day
bk_hv,BLACK H[-]AVEN,bk_hv1,4F : 마지막 기록,4F : 마지막 기록,85,"1인 36,000원 (3~5인)","1130,1330,1530,1730,1930,2130",,"1000,1155,1350,1545,1740,1935,2130",,
d_coder,Decoder,d_coder1,TEMPO RUBATO,"TEMPO RUBATO,템포루바토,템루",76,"1인 28,000원","1000,1130,1300,1430,1600,1730,1900,2030,2200",,"1000,1130,1300,1430,1600,1730,1900,2030,2200",,
d_coder,Decoder,d_coder2,INTROVERTED THIEF,"INTROVERTED THIEF,여자방",60,"1인 22,000원","1000,1130,1300,1430,1600,1730,1900,2030,2200",,"1000,1130,1300,1430,1600,1730,1900,2030,2200",,
d_coder,Decoder,d_coder3,FURIOUS REVENGE,"FURIOUS REVENGE,남자방",60,"1인 22,000원","1100,1230,1400,1530,1700,1830,2000,2130",,"1100,1230,1400,1530,1700,1830,2000,2130",,
mhz_esc,MHZ ESCAPE,mhz_esc1,우야,우야,,,,,,,
33_kd,PLAY33 건대점,33_kd1,다이얼,다이얼,60,"1인 27,000원","1030,1150,1310,1430,1550,1710,1830,1950,2110,2230",,"0940,1055,1215,1330,1450,1605,1725,1840,2000,2115,2230",,
33_kd,PLAY33 건대점,33_kd2,그 날,그 날,60,"1인 28,000원","1040,1200,1320,1440,1600,1720,1840,2000,2120,2240",,"0950,1105,1225,1340,1500,1615,1735,1850,2010,2125,2240",,
33_kd,PLAY33 건대점,33_kd3,목격자,목격자,65,"1인 29,000원","1035,1155,1315,1435,1555,1715,1835,1955,2115,2235",,"0945,1100,1220,1335,1455,1610,1730,1845,2005,2120,2235",,
33_dj,PLAY33 대전점,33_dj1,강천여자고등학교,"강천여자고등학교,강천여고",65,"1인 28,000원","1015,1130,1245,1400,1515,1640,1755,1910,2025,2140",,"1015,1130,1245,1400,1515,1640,1755,1910,2025,2140",,
33_dj,PLAY33 대전점,33_dj2,자각몽(自覺夢),자각몽,60,"1인 24,000원","0950,1100,1210,1325,1440,1550,1700,1815,1925,2040,2150",,"0950,1100,1210,1325,1440,1550,1700,1815,1925,2040,2150",,
33_dj,PLAY33 대전점,33_dj3,좌충우돌 꼬마마법사,좌충우돌 꼬마마법사,60,"1인 26,000원","0950,1100,1210,1325,1440,1550,1700,1815,1925,2040,2150",,"0950,1100,1210,1325,1440,1550,1700,1815,1925,2040,2150",,
33_hd,PLAY33 홍대점,33_hd1,피안화,피안화,70,"1인 34,000원","1000,1055,1150,1245,1340,1435,1530,1625,1720,1815,1910,2005,2100,2155,2250",,"1000,1055,1150,1245,1340,1435,1530,1625,1720,1815,1910,2005,2100,2155,2250",,
st_esc,STUDIO ESC,st_esc1,하얀마법사,"하마,흰마,하얀마법사",75,"1인 28,000원","1035,1215,1355,1535,1715,1855,2035,2215",,"0945,1120,1255,1430,1605,1740,1915,2050,2225",,
st_esc,STUDIO ESC,st_esc2,검은마법사,"검마,검은마법사",75,"1인 28,000원","1020,1200,1340,1520,1700,1840,2020,2200",,"0930,1105,1240,1415,1550,1725,1900,2035,2210",,
dh_gn,개꿀이스케이프,dh_gn1,T_T,"티티,T_T",60,"1인 15,000원","1350,1500,1610,1720,1830,1940,2050,2200",,"1020,1130,1240,1350,1500,1610,1720,1830,1940,2050,2200",,
dh_gn,개꿀이스케이프,dh_gn2,말 장난감2,말장난감2,60,"1인 15,000원","1340,1450,1600,1710,1820,1930,2040,2150",,"1010,1120,1230,1340,1450,1600,1710,1820,1930,2040,2150",,
dh_gn,개꿀이스케이프,dh_gn3,게임이몇개임,"겜몇개,게임이몇개임",60,"1인 15,000원","1410,1520,1630,1740,1850,2000,2110",,"1040,1150,1300,1410,1520,1630,1740,1850,2000,2110",,
dh_gn,개꿀이스케이프,dh_gn4,개꿀스피치센터,개꿀스피치센터,60,"1인 15,000원","1400,1510,1620,1730,1840,1950,2100",,"1030,1140,1250,1400,1510,1620,1730,1840,1950,2100",,
dh_gn,개꿀이스케이프,dh_gn5,전국졸업하는테마,"전졸테마,전국졸업하는테마",60,"1인 15,000원","1430,1540,1650,1800,1910,2020,2130",,"1100,1210,1320,1430,1540,1650,1800,1910,2020,2130",,
dh_gn,개꿀이스케이프,dh_gn6,태훈이의방,태훈이의방,60,"1인 15,000원","1420,1530,1640,1750,1900,2010,2120",,"1050,1200,1310,1420,1530,1640,1750,1900,2010,2120",,
dh_gn,개꿀이스케이프,dh_gn7,3인 적정 테마,3인적정테마,90,"1인 21,000원","1445,1635,1825,2015",,"1105,1255,1445,1635,1825,2015",,
gaw_gn,겟어웨이 방탈출,gaw_gn1,악마와 싸우는 자,"악마와싸우는자,악싸자",65,"1인 27,000원","1445,1605,1725,1845,2005,2125",,"1045,1205,1325,1445,1605,1725,1845,2005,2125",,
gaw_gn,겟어웨이 방탈출,gaw_gn2,기억을 잃은 자들,"기억을잃은자들,기잃자",65,"1인 27,000원","1430,1550,1710,1830,1950,2110",,"1030,1150,1310,1430,1550,1710,1830,1950,2110",,
gaw_gn,겟어웨이 방탈출,gaw_gn3,사라진 성물,사라진성물,60,"1인 22,000원","1440,1600,1720,1840,2000,2120",,"1040,1200,1320,1440,1600,1720,1840,2000,2120",,
gaw_gn,겟어웨이 방탈출,gaw_gn4,클라바리오 봉쇄수도원,클라바리오봉쇄수도원,70,"1인 27,000원","1420,1540,1700,1820,1940,2100",,"1020,1140,1300,1420,1540,1700,1820,1940,2100",,
gt_sw1,골든타임이스케이프 1호점,gt_sw1_1,매화,매화,65,"1인 23,000원","1140,1305,1430,1555,1720,1845,2010,2135,2300",,"1040,1205,1330,1455,1620,1745,1910,2035,2200,2325",,
gt_sw1,골든타임이스케이프 1호점,gt_sw1_2,순백향,순백향,65,"1인 23,000원","1150,1315,1440,1605,1730,1855,2020,2145,2310",,"1050,1215,1340,1505,1630,1755,1920,2045,2210,2335",,
gt_sw1,골든타임이스케이프 1호점,gt_sw1_3,3318,3318,50,"1인 20,000원","1120,1235,1350,1515,1640,1805,1930,2055,2220,2330",,"1020,1135,1250,1415,1540,1705,1830,1955,2120,2245,2355",,
gt_sw1,골든타임이스케이프 1호점,gt_sw1_4,수곡리,수곡리,60,"1인 22,000원","1130,1255,1420,1545,1710,1835,2000,2125,2250",,"1030,1155,1320,1445,1610,1735,1900,2025,2150,2315",,
gt_sw2,골든타임이스케이프 2호점,gt_sw2_1,그날의 함성,"그날의함성,그함",75,"1인 28,000원","1135,1315,1455,1635,1815,1955,2135,2315",,"1035,1215,1355,1535,1715,1855,2035,2215",,
gt_sw2,골든타임이스케이프 2호점,gt_sw2_2,리포터,리포터,70,"1인 27,000원","1130,1305,1445,1625,1805,1945,2125,2305",,"1030,1205,1345,1525,1705,1845,2025,2205,2335",,
mz_gn,괴담저장소 제일기숙학원,mz_gn1,제일기숙학원 성지순례,제일기숙학원성지순례,80,"주중 1인 35,000원 ~ 55,000원 / 주말 1인 45,000원 ~ 55,000원","1240,1430,1620,1810,2000,2150",,"0930,1120,1310,1500,1640,1830,2020,1010",,
mz_hd,괴담저장소 한강대 담력훈련,mz_hd1,한강대 담력훈련 심야괴담회,한강대담력훈련심야괴담회,90,"주중 1인 35,000원 ~ 55,000원 / 주말 1인 45,000원 ~ 55,000원","1240,1430,1620,1830,2020,1010",,"0930,1120,1310,1500,1650,1840,2030,1020",,
dp_bc,꿈소풍 부천점,dp_bc1,몽환,몽환,70,"1인 26,000원","1150,1320,1450,1620,1750,1920,2050,2220,2350",,"1020,1150,1320,1450,1620,1750,1920,2050,2220,2350",,
dp_bc,꿈소풍 부천점,dp_bc2,심곡 : 자매 자살 사건,심곡자매자살사건,70,"1인 26,000원","1120,1250,1420,1550,1720,1850,2020,2150,2320",,"0950,1120,1250,1420,1550,1720,1850,2020,2150,2320",,
dp_bc,꿈소풍 부천점,dp_bc3,라미 : 두개의 보물,라미두개의보물,70,"1인 26,000원","1130,1300,1430,1600,1730,1900,2030,2200,2330",,"1000,1130,1300,1430,1600,1730,1900,2030,2200,2330",,
dp_bc,꿈소풍 부천점,dp_bc4,마이 올 킬,마이올킬,60,"1인 24,000원","1130,1250,1410,1530,1650,1810,1930,2050,2210,2330",,"1000,1120,1240,1400,1520,1640,1800,1920,2040,2200,2320",,
dp_bc,꿈소풍 부천점,dp_bc5,홍주 : 옥비녀의 비밀,홍주옥비녀의비밀,55,"1인 24,000원","1140,1300,1420,1540,1700,1820,1940,2100,2220,2340",,"1010,1130,1250,1410,1530,1650,1810,1930,2050,2210,2330",,
dp_bc,꿈소풍 부천점,dp_bc6,"㉢ト□rヱㅊi,,★",다마고치,60,"1인 24,000원","1150,1310,1430,1550,1710,1830,1950,2110,2230,2350",,"1020,1140,1300,1420,1540,1700,1820,1940,2100,2220,2340",,
dp_as1,꿈소풍 안산1호점,dp_as1_1,꿈꾸는 앨리스,"꿈꾸는앨리스,꿈앨",70,"1인 24,000원","1120,1250,1420,1550,1720,1850,2020,2150,2320",,"0950,1120,1250,1420,1550,1720,1850,2020,2150,2320",,
dp_as1,꿈소풍 안산1호점,dp_as1_2,The Prison Season2 : 브레이크,"프리즌시즌2,THE PRISON SEASON 2",70,"1인 24,000원","1140,1310,1440,1610,1740,1910,2040,2210,2340",,"1010,1140,1310,1440,1610,1740,1910,2040,2210,2340",,
dp_as1,꿈소풍 안산1호점,dp_as1_3,안산 코노,안산코노,60,"1인 22,000원","1150,1310,1430,1550,1710,1830,1950,2110,2230,2350",,"1020,1140,1300,1420,1540,1700,1820,1940,2100,2220,2340",,
dp_as1,꿈소풍 안산1호점,dp_as1_4,타로78,타로78,50,"1인 10,000원","1120,1220,1320,1420,1520,1620,1720,1820,1920,2020,2120,2220,2320",,"0950,1050,1150,1250,1350,1450,1550,1650,1750,1850,1950,2050,2150,2250,2350",,
dp_as1,꿈소풍 안산1호점,dp_as1_5,신아리오,"신아리오,시나리오",60,"1인 22,000원","1130,1250,1410,1530,1650,1810,1930,2050,2210,2330",,"1000,1120,1240,1400,1520,1640,1800,1920,2040,2200,2320",,
dp_as2,꿈소풍 안산2호점,dp_as2_1,B612,"비612,비육일이,B612",80,"1인 26,000원","1140,1320,1500,1640,1820,2000,2140,2320",,"1010,1150,1330,1510,1650,1830,2010,2150,2330",,
dp_as2,꿈소풍 안산2호점,dp_as2_2,시민상가철거반,"시상철,시민상가철거반",80,"1인 26,000원","1120,1300,1440,1620,1800,1940,2120,2300",,"0950,1130,1310,1450,1630,1810,1950,2130,2310",,
dp_as2,꿈소풍 안산2호점,dp_as2_3,키멘주에이,키멘주에이,60,"1인 22,000원","1150,1310,1430,1550,1710,1830,1950,2110,2230,2350",,"1020,1140,1300,1420,1540,1700,1820,1940,2100,2220,2340",,
dp_as2,꿈소풍 안산2호점,dp_as2_4,냥냥펀치,냥냥펀치,60,"1인 22,000원","1130,1250,1410,1530,1650,1810,1930,2050,2210,2330",,"1000,1120,1240,1400,1520,1640,1800,1920,2040,2200,2320",,
dp_as2,꿈소풍 안산2호점,dp_as2_5,금GO,"금고,금GO",50,"1인 12,000원","1120,1225,1330,1435,1540,1645,1750,1855,2000,2105,2210,2315",,"0950,1055,1200,1305,1410,1515,1620,1725,1830,1935,2040,2145,2250,2355",,
nbj_ay1,나비잠 1호점,nbj_ay1_1,트러블,트러블,70,"1인 24,000원","1230,1350,1510,1630,1750,1910,2030,2150,2310",,"1050,1210,1330,1450,1610,1730,1850,2010,2130,2250",,
nbj_ay1,나비잠 1호점,nbj_ay1_2,몽(蒙),몽,70,"1인 26,000원","1240,1400,1520,1640,1800,1920,2040,2200,2320",,"1110,1230,1350,1510,1630,1750,1910,2030,2150,2310",,
nbj_ay1,나비잠 1호점,nbj_ay1_3,범계 : 산군토벌기,범계 : 산군토벌기,75,"1인 29,000원","1200,1330,1500,1630,1800,1930,2100,2230",,"1030,1200,1330,1500,1630,1800,1930,2100,2230",,
nbj_ay2,나비잠 2호점,nbj_ay2_1,Harpy's Candy Shop_하피스 캔디샵,"하피스캔디샵,HARPY'S CANDY SHOP",75,"1인 27,000원","1150,1320,1450,1620,1750,1920,2050,2220",,"1020,1150,1320,1450,1620,1750,1920,2050,2220",,
nbj_ay2,나비잠 2호점,nbj_ay2_2,Blind Justice_블라인드 저스티스,"블라인드저스티스,BLIND JUSTICE",75,"1인 27,000원","1210,1340,1510,1640,1810,1940,2110,2240",,"1040,1210,1340,1510,1640,1810,1940,2110,2240",,
nbj_ay2,나비잠 2호점,nbj_ay2_3,Lost & Found_로스트 & 파운드,"로스트앤파운드,LOST&FOUND",65,"1인 25,000원","1200,1320,1440,1600,1720,1840,2000,2120,2240",,"1040,1200,1320,1440,1600,1720,1840,2000,2120,2240",,
ui_sin,나의신방,ui_sin1,신촌성심병원,신촌성심병원,100,"1팀 200,000원 (3~4인)","1400,1600,1800,2000,2200",,"1100,1300,1500,1700,1900,2100",,
ui_sin,나의신방,ui_sin2,Chaser : 한마음 폐공장 (신촌),"Chaser,한마음 폐공장",80,"1인 30,000원","1215,1355,1535,1715,1855,2035,2215",,"1055,1235,1415,1555,1735,1915,2055",,
ui_sin,나의신방,ui_sin3,Hanna Is Fired_한나는 해고됐어,"한나는해고됐어,HANNA IS FIRED",70,"1인 27,000원","1210,1345,1520,1655,1830,1955,2115",,"1020,1150,1320,1450,1620,1750,1920,2050",,
ne_bnr,넥스트에디션 건대 보네르관,ne_bnr1,SERENDIPITY_세렌디피티,"SERENDIPITY,세렌디피티,보네르관",100,"1인 29,000원","1020,1135,1250,1405,1520,1635,1750,1905,2020,2135,2250",,"1020,1135,1250,1405,1520,1635,1750,1905,2020,2135,2250",,
ne_kd1,넥스트에디션 건대1호점,ne_kd1_1,썸,썸,60,"1인 22,000원","1050,1205,1320,1435,1550,1705,1820,1935,2050,2205,2320",,"1050,1205,1320,1435,1550,1705,1820,1935,2050,2205,2320",,
ne_kd1,넥스트에디션 건대1호점,ne_kd1_2,MONSTER : 10800,"몬스터,MONSTER,10800",70,"1인 25,000원","1050,1210,1330,1450,1610,1730,1850,2010,2130,2250",,"1050,1210,1330,1450,1610,1730,1850,2010,2130,2250",,
ne_kd1,넥스트에디션 건대1호점,ne_kd1_3,다시봄,다시봄,80,"1인 27,000원","1045,1230,1415,1600,1745,1930,2115,2300",,"1045,1230,1415,1600,1745,1930,2115,2300",,
ne_kd1,넥스트에디션 건대1호점,ne_kd1_4,B아파트 13동 1313호,"B아파트13동1313호,비아파트",60,"1인 22,000원","1030,1140,1250,1400,1510,1620,1730,1840,1950,2100,2210,2320",,"1030,1140,1250,1400,1510,1620,1730,1840,1950,2100,2210,2320",,
ne_kd1,넥스트에디션 건대1호점,ne_kd1_5,이불 밖은 위험해,이불밖은위험해,60,"1인 22,000원","1040,1150,1300,1410,1520,1630,1740,1850,2000,2110,2220,2330",,"1040,1150,1300,1410,1520,1630,1740,1850,2000,2110,2220,2330",,
ne_kd1,넥스트에디션 건대1호점,ne_kd1_6,SOUL CHASER - 실종,"소울체이서,SOUL CHASER,실종",90,"1인 17,000원","1100,1200,1300,1400,1500,1600,1700,1800,1900",,"1100,1200,1300,1400,1500,1600,1700,1800,1900",,
ne_kd2,넥스트에디션 건대2호점,ne_kd2_1,생존자_유명호씨의 진술,"생존자,유명호씨의진술",65,"1인 29,000원","1025,1125,1225,1325,1425,1525,1625,1725,1825,1925,2025,2125,2225,2325",,"1025,1125,1225,1325,1425,1525,1625,1725,1825,1925,2025,2125,2225,2325",,
ne_kd2,넥스트에디션 건대2호점,ne_kd2_2,동화나라 수비대,동화나라수비대,80,"1인 26,000원","1045,1230,1415,1600,1745,1930,2115,2300",,"1045,1230,1415,1600,1745,1930,2115,2300",,
ne_kd2,넥스트에디션 건대2호점,ne_kd2_3,빛을 구해줘,"빛을구해줘,빛구",60,"1인 22,000원","1040,1150,1300,1410,1520,1630,1740,1850,2000,2110,2220,2330",,"1040,1150,1300,1410,1520,1630,1740,1850,2000,2110,2220,2330",,
ne_kd2,넥스트에디션 건대2호점,ne_kd2_4,메이크업_MAKE-UP,"메이크업,MAKE-UP",70,"1인 25,000원","1030,1155,1320,1445,1610,1735,1900,2025,2150,2315",,"1030,1155,1320,1445,1610,1735,1900,2025,2150,2315",,
ne_kd2,넥스트에디션 건대2호점,ne_kd2_5,커튼콜_CURTAIN CALL,"커튼콜,CURTAINCALL",60,"1인 24,000원","1030,1140,1250,1400,1510,1620,1730,1840,1950,2100,2210,2320",,"1030,1140,1250,1400,1510,1620,1730,1840,1950,2100,2210,2320",,
ne_kd2,넥스트에디션 건대2호점,ne_kd2_6,방탈출 아카데미,"방탈출아카데미,방카데미",60,"1인 22,000원","1050,1210,1330,1450,1610,1730,1850,2010,2130,2250",,"1050,1210,1330,1450,1610,1730,1850,2010,2130,2250",,
ne_kd2,넥스트에디션 건대2호점,ne_kd2_7,"어제, 그리고 오늘","어제그리고오늘,어그오",60,"1인 22,000원","1045,1200,1315,1430,1545,1700,1815,1930,2045,2200,2315",,"1045,1200,1315,1430,1545,1700,1815,1930,2045,2200,2315",,
ne_bc,넥스트에디션 부천점,ne_bc1,진시황,진시황,60,"1인 22,000원","1100,1220,1340,1500,1620,1740,1900,2020,2140,2300",,"1100,1220,1340,1500,1620,1740,1900,2020,2140,2300",,
ne_bc,넥스트에디션 부천점,ne_bc2,쌩얼 (부천),쌩얼,60,"1인 22,000원","1120,1240,1400,1520,1640,1800,1920,2040,2200,2320",,"1120,1240,1400,1520,1640,1800,1920,2040,2200,2320",,
ne_bc,넥스트에디션 부천점,ne_bc3,집으로 (부천),집으로,60,"1인 22,000원","1110,1230,1350,1510,1630,1750,1910,2030,2150,2310",,"1110,1230,1350,1510,1630,1750,1910,2030,2150,2310",,
ne_bc,넥스트에디션 부천점,ne_bc4,주르륵,주르륵,60,"1인 22,000원","1130,1250,1410,1530,1650,1810,1930,2050,2210,2330",,"1130,1250,1410,1530,1650,1810,1930,2050,2210,2330",,
ne_bs,넥스트에디션 분당서현점,ne_bs1,평범한 하루,평범한하루,90,"1인 28,000원","1420,1610,1800,1950,2140",,"1110,1300,1450,1640,1830,2020,2210",,
ne_bs,넥스트에디션 분당서현점,ne_bs2,테마명을 뭐로할지 못정하겠어요ㅠ,"테마명을뭐로할지못정했어요ㅠ,테못",60,"1인 22,000원","1300,1420,1540,1700,1820,1940,2100,2220",,"1130,1250,1410,1530,1650,1810,1930,2050,2210",,
ne_bs,넥스트에디션 분당서현점,ne_bs3,몽중몽,몽중몽,60,"1인 22,000원","1250,1410,1530,1650,1810,1930,2050,2210",,"1110,1230,1350,1510,1630,1750,1910,2030,2150",,
ne_bs,넥스트에디션 분당서현점,ne_bs4,짠해,짠해,60,"1인 22,000원","1330,1450,1610,1730,1850,2010,2130",,"1140,1300,1420,1540,1700,1820,1940,2100,2220",,
ne_bs,넥스트에디션 분당서현점,ne_bs5,너에게 가는 길,너에게가는길,60,"1인 22,000원","1305,1425,1545,1705,1825,1945,2105,2225",,"1120,1240,1400,1520,1640,1800,1920,2040,2200",,
ne_bs,넥스트에디션 분당서현점,ne_bs6,익명의 여자,익명의여자,60,"1인 22,000원","1320,1440,1600,1720,1840,2000,2120",,"1150,1310,1430,1550,1710,1830,1950,2110,2230",,
ne_sl,넥스트에디션 신림점,ne_sl1,극,극,70,"1인 24,000원","1045,1215,1345,1515,1645,1815,1945,2115,2245",,"1025,1150,1315,1440,1605,1730,1855,2020,2145,2310",,
ne_sl,넥스트에디션 신림점,ne_sl2,씨프?? XX!!,씨프??XX!!,60,"1인 22,000원","1050,1210,1330,1450,1610,1730,1850,2010,2130,2250",,"1025,1135,1245,1355,1505,1615,1725,1835,1945,2055,2205,2315",,
ne_sl,넥스트에디션 신림점,ne_sl3,Tester,"TESTER,테스터",60,"1인 20,000원","1035,1155,1315,1435,1555,1715,1835,1955,2115,2235",,"1035,1145,1255,1405,1515,1625,1735,1845,1955,2105,2215,2325",,
ne_sl,넥스트에디션 신림점,ne_sl4,LOVER,"LOVER,러버",60,"1인 22,000원","1030,1150,1310,1430,1550,1710,1830,1950,2110,2230",,"1030,1140,1250,1400,1510,1620,1730,1840,1950,2100,2210,2320",,
ne_sl,넥스트에디션 신림점,ne_sl5,옛날옛날에,옛날옛날에,60,"1인 22,000원","1040,1200,1320,1440,1600,1720,1840,2000,2120,2240",,"1040,1150,1300,1410,1520,1630,1740,1850,2000,2110,2220,2330",,
ne_js,넥스트에디션 잠실점,ne_js1,데.코.연 (데이트 코스 연구회),"데이트코스연구회,데코연",60,"1인 22,000원","1100,1220,1340,1500,1620,1740,1900,2020,2140",,"1100,1220,1340,1500,1620,1740,1900,2020,2140",,
ne_js,넥스트에디션 잠실점,ne_js2,락 페스티벌,락페스티벌,60,"1인 22,000원","1040,1200,1320,1440,1600,1720,1840,2000,2120",,"1040,1200,1320,1440,1600,1720,1840,2000,2120",,
ne_js,넥스트에디션 잠실점,ne_js3,작은악마들,작은악마들,60,"1인 22,000원","1030,1150,1310,1430,1550,1710,1830,1950,2110",,"1030,1150,1310,1430,1550,1710,1830,1950,2110",,
ne_js,넥스트에디션 잠실점,ne_js4,카페라떼,카페라떼,60,"1인 22,000원","1050,1210,1330,1450,1610,1730,1850,2010,2130",,"1050,1210,1330,1450,1610,1730,1850,2010,2130",,
dia_town,다이아에그 미스테리타운,dia_town1,육향찻집,육향찻집,65,"1인 35,000원","1620,1740,1900,2020,2140",,"0940,1100,1220,1340,1500,1620,1740,1900,2020,2140",,
dia_town,다이아에그 미스테리타운,dia_town2,오륙택배,오륙택배,60,"1인 27,000원","1540,1710,1840,2010,2140",,"1010,1130,1250,1410,1540,1710,1840,2010,2140",,
dia_inn,다이아에그 미스테리인,dia_inn1,우시마을,우시마을,60,"1인 29,000원","1010,1140,1310,1440,1610,1740,1910,2040,2210",,"1010,1140,1310,1440,1610,1740,1910,2040,2210",,
dia_inn,다이아에그 미스테리인,dia_inn2,GRABBER_그래버,GRABBER_그래버,65,"1인 29,000원","1055,1215,1335,1455,1615,1735,1855,2015,2135",,"1055,1215,1335,1455,1615,1735,1855,2015,2135",,
dia_inn,다이아에그 미스테리인,dia_inn3,키키키키키_KEY X 5,키키키키키_KEY X 5,50,"1인 23,000원","1020,1140,1300,1420,1540,1700,1820,1940,2100,2220",,"1020,1140,1300,1420,1540,1700,1820,1940,2100,2220",,
dia_inn,다이아에그 미스테리인,dia_inn4,무료한 하루_A Free Day,무료한 하루_A Free Day,60,"1인 23,000원","1005,1115,1225,1335,1445,1555,1705,1815,1925,2035,2145",,"1005,1115,1225,1335,1445,1555,1705,1815,1925,2035,2145",,
dia_inn,다이아에그 미스테리인,dia_inn5,노키즈존,노키즈존,60,"1인 24,000원","1025,1145,1305,1425,1545,1705,1825,1945,2105,2225",,"1025,1145,1305,1425,1545,1705,1825,1945,2105,2225",,
dia_inn,다이아에그 미스테리인,dia_inn6,개연성,개연성,70,"1인 27,000원","1000,1130,1300,1430,1600,1730,1900,2030,2200",,"1000,1130,1300,1430,1600,1730,1900,2030,2200",,
dia_inn,다이아에그 미스테리인,dia_inn7,타임크루즈,타임크루즈,30,"1인 17,000원","1040,1220,1400,1450,1630,1720,1810,1950,2130,2220",,"1040,1220,1400,1450,1630,1720,1810,1950,2130,2220",,
dia_bs,다이아에그 부산서면점,dia_bs1,RED ROOM_레드룸,RED ROOM_레드룸,40,"1인 20,000원","1010,1110,1210,1310,1410,1510,1610,1710,1810,1910,2010,2110,2210",,"1010,1110,1210,1310,1410,1510,1610,1710,1810,1910,2010,2110,2210",,
dia_bs,다이아에그 부산서면점,dia_bs2,닥터 슈나벨,닥터 슈나벨,70,"1인 24,000원","1000,1130,1300,1430,1600,1730,1900,2030,2200",,"1000,1130,1300,1430,1600,1730,1900,2030,2200",,
dia_bs,다이아에그 부산서면점,dia_bs3,신입사원,신입사원,60,"1인 23,000원","1020,1135,1250,1405,1520,1635,1750,1905,2020,2135",,"1020,1135,1250,1405,1520,1635,1750,1905,2020,2135",,
dia_bs,다이아에그 부산서면점,dia_bs4,회귀,회귀,70,"1인 24,000원","1030,1200,1330,1500,1630,1800,1930,2100",,"1030,1200,1330,1500,1630,1800,1930,2100",,
dps_gn,단편선 강남,dps_gn1,그림자 없는 상자,"그림자없는상자,그없상",75,"1인 27,000원","1000,1130,1300,1430,1600,1730,1900,2030,2200",,"1000,1130,1300,1430,1600,1730,1900,2030,2200",,
dps_gn,단편선 강남,dps_gn2,사람들은 그것을 행복이라 부르기로 했다,"사람들은그것을행복이라부르기로했다,사그행부",80,"1인 28,000원","1020,1150,1320,1450,1620,1750,1920,2050,2220",,"1020,1150,1320,1450,1620,1750,1920,2050,2220",,
dps_ss,단편선 성수,dps_ss1,쓰여진 문장 속에 구원이 없다면,"쓰여진문장속에구원이없다면,쓰문구",80,"1인 32,000원","1030,1200,1330,1500,1630,1800,1930,2100,2230",,"1030,1200,1330,1500,1630,1800,1930,2100,2230",,
dps_ss,단편선 성수,dps_ss2,존재할 자격,존재할자격,80,"1인 32,000원","1015,1145,1315,1445,1615,1745,1915,2045,2215",,"1015,1145,1315,1445,1615,1745,1915,2045,2215",,
dps_ss,단편선 성수,dps_ss3,쥐와 파시스트와 마지막 한 장,"쥐와파시스트와마지막한장,쥐파마",70,"1인 25,000원","1010,1130,1250,1410,1530,1650,1810,1930,2050,2210",,"1010,1130,1250,1410,1530,1650,1810,1930,2050,2210",,
dps_ss,단편선 성수,dps_ss4,뱃사람의 별,"뱃사람의별,뱃별",75,"1인 31,000원","1000,1130,1300,1430,1600,1730,1900,2030,2200",,"1000,1130,1300,1430,1600,1730,1900,2030,2200",,
tcd_gj,더 코드 경주점,tcd_gj1,몽타주 : 강력1반#2,몽타주 : 강력1반#2,60,"1인 22,000원","1200,1320,1440,1600,1720,1840,2000,2120",,"1200,1320,1440,1600,1720,1840,2000,2120",,
tcd_gj,더 코드 경주점,tcd_gj2,최부장의 비밀,최부장의 비밀,60,"1인 22,000원","1220,1340,1500,1620,1740,1900,2020,2140",,"1220,1340,1500,1620,1740,1900,2020,2140",,
tcd_gj,더 코드 경주점,tcd_gj3,박물관 : 도둑들#3,박물관 : 도둑들#3,60,"1인 22,000원","1240,1400,1520,1640,1800,1920,2040,2200",,"1240,1400,1520,1640,1800,1920,2040,2200",,
tcd_gj,더 코드 경주점,tcd_gj4,도박꾼 : 마지막 베팅 (경주),도박꾼 : 마지막 베팅,60,"1인 22,000원","1300,1420,1540,1700,1820,1940,2100,2220",,"1300,1420,1540,1700,1820,1940,2100,2220",,
tcd_jgj,더 코드 광주,tcd_jgj1,타짜,타짜,60,"1인 21,000원","1120,1240,1400,1520,1640,1800,1920,2040,2200,2320",,"1120,1240,1400,1520,1640,1800,1920,2040,2200,2320",,
tcd_jgj,더 코드 광주,tcd_jgj2,곤지암,곤지암,60,"1인 21,000원","1140,1300,1420,1540,1700,1820,1940,2100,2220,2340",,"1140,1300,1420,1540,1700,1820,1940,2100,2220,2340",,
tcd_jgj,더 코드 광주,tcd_jgj3,경찰서를 털어라 (광주),경찰서를 털어라,60,"1인 21,000원","1200,1320,1440,1600,1720,1840,2000,2120,2240,2400",,"1200,1320,1440,1600,1720,1840,2000,2120,2240,2400",,
tcd_jgj,더 코드 광주,tcd_jgj4,미생,미생,60,"1인 21,000원","1120,1240,1400,1520,1640,1800,1920,2040,2200,2320",,"1120,1240,1400,1520,1640,1800,1920,2040,2200,2320",,
tcd_jgj,더 코드 광주,tcd_jgj5,탈옥,탈옥,60,"1인 21,000원","1140,1300,1420,1540,1700,1820,1940,2100,2220,2340",,"1140,1300,1420,1540,1700,1820,1940,2100,2220,2340",,
tcd_jgj,더 코드 광주,tcd_jgj6,탐정,탐정,60,"1인 21,000원","1120,1240,1400,1520,1640,1800,1920,2040,2200,2320",,"1120,1240,1400,1520,1640,1800,1920,2040,2200,2320",,
tcd_jgj,더 코드 광주,tcd_jgj7,나홀로집에,나홀로집에,60,"1인 21,000원","1120,1240,1400,1520,1640,1800,1920,2040,2200,2320",,"1120,1240,1400,1520,1640,1800,1920,2040,2200,2320",,
tcd_jgj,더 코드 광주,tcd_jgj8,도둑들 (광주),도둑들,60,"1인 21,000원","1200,1320,1440,1600,1720,1840,2000,2120,2240,2400",,"1200,1320,1440,1600,1720,1840,2000,2120,2240,2400",,
tcd_wsn,더 코드 왕십리점,tcd_wsn1,도둑들#2 : 다이아몬드 블루문,도둑들#2 : 다이아몬드 블루문,60,"1인 21,000원","1430,1540,1650,1800,1910,2020,2130",,"1210,1320,1430,1540,1650,1800,1910,2020,2130",,
tcd_wsn,더 코드 왕십리점,tcd_wsn2,피의 일요일,피의 일요일,60,"1인 21,000원","1440,1550,1700,1810,1920,2030,2140",,"1220,1330,1440,1550,1700,1810,1920,2030,2140",,
tcd_wsn,더 코드 왕십리점,tcd_wsn3,냉동창고 : 살인사건#2 (왕십리),냉동창고 : 살인사건#2,60,"1인 21,000원","1450,1600,1710,1820,1930,2040,2150",,"1230,1340,1450,1600,1710,1820,1930,2040,2150",,
tcd_wsn,더 코드 왕십리점,tcd_wsn4,도박꾼 : 마지막 베팅 (왕십리),도박꾼 : 마지막 베팅,60,"1인 21,000원","1500,1610,1720,1830,1940,2050,2200",,"1240,1350,1500,1610,1720,1830,1940,2050,2200",,
tcd_sgp,더 코드 제주서귀포점,tcd_sgp1,재즈바W : 위험한 거래 (제주),재즈바W : 위험한 거래,60,"1인 21,000원","1100,1210,1330,1450,1610,1730,1845,2000",,"1100,1210,1330,1450,1610,1730,1845,2000",,
tcd_sgp,더 코드 제주서귀포점,tcd_sgp2,위자보드 : 위험한 장난 (제주),위자보드 : 위험한 장난,60,"1인 21,000원","1100,1210,1330,1450,1610,1730,1845,2000",,"1100,1210,1330,1450,1610,1730,1845,2000",,
tcd_sgp,더 코드 제주서귀포점,tcd_sgp3,세기의 명화를 훔치는 도둑들 (제주),세기의 명화를 훔치는 도둑들,60,"1인 21,000원","1100,1210,1330,1450,1610,1730,1845,2000",,"1100,1210,1330,1450,1610,1730,1845,2000",,
tcd_sgp,더 코드 제주서귀포점,tcd_sgp4,다시 시작된 살인사건 (제주),다시 시작된 살인사건,60,"1인 21,000원","1100,1210,1330,1450,1610,1730,1845,2000",,"1100,1210,1330,1450,1610,1730,1845,2000",,
tcd_sgp,더 코드 제주서귀포점,tcd_sgp5,강력1반 : 사라진 아이들 (제주),강력1반 : 사라진 아이들,60,"1인 21,000원","1100,1210,1330,1450,1610,1730,1845,2000",,"1100,1210,1330,1450,1610,1730,1845,2000",,
tcd_jj,더 코드 진주점,tcd_jj1,다시 시작된 살인사건 (진주),다시 시작된 살인사건,60,"1인 21,000원","1100,1210,1320,1430,1540,1650,1800,1910,2020",,"1100,1210,1320,1430,1540,1650,1800,1910,2020",,
tcd_jj,더 코드 진주점,tcd_jj2,의문의 동창회 (진주),의문의 동창회,60,"1인 21,000원","1115,1225,1335,1445,1555,1705,1815,1925,2035",,"1115,1225,1335,1445,1555,1705,1815,1925,2035",,
tcd_jj,더 코드 진주점,tcd_jj3,아파트 (진주),아파트,60,"1인 21,000원","1130,1240,1350,1500,1610,1720,1830,1940,2050",,"1130,1240,1350,1500,1610,1720,1830,1940,2050",,
tcd_jj,더 코드 진주점,tcd_jj4,세기의 명화를 훔치는 도둑들 (진주),세기의 명화를 훔치는 도둑들,60,"1인 21,000원","1145,1255,1405,1515,1625,1735,1845,1955,2050",,"1145,1255,1405,1515,1625,1735,1845,1955,2050",,
tcd_jj,더 코드 진주점,tcd_jj5,위자보드 : 위험한 장난 (진주),위자보드 : 위험한 장난,60,"1인 21,000원","1100,1210,1320,1430,1540,1650,1800,1910,2020",,"1100,1210,1320,1430,1540,1650,1800,1910,2020",,
tcd_jj,더 코드 진주점,tcd_jj6,재즈바W : 위험한 거래 (진주),재즈바W : 위험한 거래,60,"1인 21,000원","1100,1215,1325,1435,1545,1655,1805,1915,2025",,"1100,1215,1325,1435,1545,1655,1805,1915,2025",,
tcd_jj,더 코드 진주점,tcd_jj7,강력1반 : 사라진 아이들 (진주),강력1반 : 사라진 아이들,60,"1인 21,000원","1120,1230,1340,1450,1600,1710,1820,1930,2040",,"1120,1230,1340,1450,1600,1710,1820,1930,2040",,
tcd_cc,더 코드 춘천점,tcd_cc1,세기의 명화를 훔치는 도둑들 (춘천),세기의 명화를 훔치는 도둑들,60,"1인 21,000원","1240,1400,1520,1640,1800,1920,2040",,"1240,1400,1520,1640,1800,1920,2040",,
tcd_cc,더 코드 춘천점,tcd_cc2,다시 시작된 살인사건 (춘천),다시 시작된 살인사건,60,"1인 21,000원","1300,1420,1540,1700,1820,1940,2100",,"1300,1420,1540,1700,1820,1940,2100",,
tcd_cc,더 코드 춘천점,tcd_cc3,냉동창고 : 살인사건#2 (춘천),냉동창고 : 살인사건#2,60,"1인 21,000원","1200,1320,1440,1600,1720,1840,2000,2120",,"1200,1320,1440,1600,1720,1840,2000,2120",,
tcd_cc,더 코드 춘천점,tcd_cc4,의문의 동창회 (춘천),의문의 동창회,60,"1인 21,000원","1220,1340,1500,1620,1740,1900,2020",,"1220,1340,1500,1620,1740,1900,2020",,
tcd_hg,더 코드 회기점,tcd_hg1,다시 시작된 살인사건 (회기),다시 시작된 살인사건,60,"1인 21,500원","1000,1115,1230,1345,1500,1615,1730,1845,2000,2115,2230",,"1000,1115,1230,1345,1500,1615,1730,1845,2000,2115,2230",,
tcd_hg,더 코드 회기점,tcd_hg2,세기의 명화를 훔치는 도둑들 (회기),세기의 명화를 훔치는 도둑들,60,"1인 21,500원","1010,1125,1240,1355,1510,1625,1740,1855,2010,2125,2240",,"1010,1125,1240,1355,1510,1625,1740,1855,2010,2125,2240",,
tcd_hg,더 코드 회기점,tcd_hg3,재즈바W : 위험한 거래 (회기),재즈바W : 위험한 거래,60,"1인 21,500원","1020,1135,1250,1405,1520,1635,1750,1905,2020,2135,2250",,"1020,1135,1250,1405,1520,1635,1750,1905,2020,2135,2250",,
tcd_hg,더 코드 회기점,tcd_hg4,강력1반 : 추격자,강력1반 : 추격자,60,"1인 21,500원","1030,1145,1300,1415,1530,1645,1800,1915,2030,2145,2300",,"1030,1145,1300,1415,1530,1645,1800,1915,2030,2145,2300",,
mz_nw,더메이즈 노원점,mz_nw1,Lost the Prince,"Lost the Prince,로스트더프린스",60,"1인 22,000원","1100,1205,1315,1435,1555,1710,1825,1940,2055,2210",,"1100,1205,1315,1435,1555,1710,1825,1940,2055,2210",,
mz_nw,더메이즈 노원점,mz_nw10,골드,골드,70,"1인 25,000원","1130,1420,1600,1750,1940,2120",,"1130,1420,1600,1750,1940,2120",,
mz_nw,더메이즈 노원점,mz_nw2,상계동 357-8,상계동 357-8,60,"1인 22,000원","1100,1210,1320,1440,1600,1715,1830,1945,2100,2215",,"1100,1210,1320,1440,1600,1715,1830,1945,2100,2215",,
mz_nw,더메이즈 노원점,mz_nw3,상의원,상의원,60,"1인 22,000원","1105,1220,1335,1450,1605,1720,1840,1955,2110,2220",,"1105,1220,1335,1450,1605,1720,1840,1955,2110,2220",,
mz_nw,더메이즈 노원점,mz_nw4,Secret Room,"Secret Room,시크릿룸",60,"1인 22,000원","1110,1225,1340,1455,1610,1725,1845,2000,2115,2225",,"1110,1225,1340,1455,1610,1725,1845,2000,2115,2225",,
mz_nw,더메이즈 노원점,mz_nw5,No One,"No One,노원",60,"1인 22,000원","1115,1230,1345,1500,1615,1730,1845,2000,2115,2225",,"1115,1230,1345,1500,1615,1730,1845,2000,2115,2225",,
mz_nw,더메이즈 노원점,mz_nw6,탐정 in New York,"탐정 in New York,탐정인뉴욕",60,"1인 22,000원","1120,1235,1350,1505,1620,1735,1850,2005,2120,2230",,"1120,1235,1350,1505,1620,1735,1850,2005,2120,2230",,
mz_nw,더메이즈 노원점,mz_nw7,더 바틀샵 in 중계동,더 바틀샵 in 중계동,60,"1인 22,000원","1125,1240,1355,1515,1635,1755,1915,2040,2205",,"1125,1240,1355,1515,1635,1755,1915,2040,2205",,
mz_nw,더메이즈 노원점,mz_nw8,디셈블,디셈블,70,"1인 25,000원","1110,1240,1410,1540,1710,1840,2010,2140",,"1110,1240,1410,1540,1710,1840,2010,2140",,
mz_nw,더메이즈 노원점,mz_nw9,DELETE,"DELETE,딜리트",70,"1인 25,000원","1115,1245,1415,1545,1715,1845,2015,2145",,"1115,1245,1415,1545,1715,1845,2015,2145",,
the_ct,더챕터,the_ct1,chapter 01 : 선택,선택,65,"1인 31,000원","0950,1105,1220,1335,1450,1605,1720,1835,1950,2105,2220",,"0950,1105,1220,1335,1450,1605,1720,1835,1950,2105,2220",,
the_ct,더챕터,the_ct2,chapter 02 : 쿠키,쿠키,70,"1인 33,000원","1000,1120,1240,1400,1520,1640,1800,1920,2040,2200",,"1000,1120,1240,1400,1520,1640,1800,1920,2040,2200",,
trap_sy,더트랩 수유점,trap_sy1,그녀를 만나기 1시간 전,"그녀를 만나기 1시간 전,그녀를만나기한시간전",60,"1인 22,000원","1210,1320,1435,1550,1705,1820,1935,2050,2205",,"1100,1210,1320,1435,1550,1705,1820,1935,2050,2205",,
trap_sy,더트랩 수유점,trap_sy2,DREAM FACTORY,"DREAM FACTORY,드림팩토리",60,"1인 22,000원","1220,1335,1450,1605,1720,1835,1950,2105,2215",,"1110,1220,1335,1450,1605,1720,1835,1950,2105,2215",,
trap_sy,더트랩 수유점,trap_sy3,박물관을 털어라,박물관을 털어라,60,"1인 22,000원","1230,1340,1455,1610,1725,1840,1955,2110,2220",,"1120,1230,1340,1455,1610,1725,1840,1955,2110,2220",,
trap_sy,더트랩 수유점,trap_sy4,D-Therapy,"D-Therapy,디테라피",60,"1인 22,000원","1215,1330,1445,1600,1715,1830,1945,2100,2215",,"1105,1215,1330,1445,1600,1715,1830,1945,2100,2215",,
trap_sy,더트랩 수유점,trap_sy5,사립고 살인사건,사립고 살인사건,60,"1인 22,000원","1210,1325,1440,1555,1710,1825,1940,2055,2210",,"1100,1210,1325,1440,1555,1710,1825,1940,2055,2210",,
find_esc,더파인더 방탈출,find_esc1,무인도,무인도,60,1분당 350원,"1200,1315,1430,1545,1700,1815,1930,2045,2200",,"1100,1215,1330,1445,1600,1715,1830,1945,2100,2215",,
find_esc,더파인더 방탈출,find_esc2,201호 202호,201호 202호,60,1분당 350원,"1205,1320,1435,1550,1705,1820,1935,2050,2205",,"1105,1220,1335,1450,1605,1720,1835,1950,2105,2220",,
find_esc,더파인더 방탈출,find_esc3,괴담수집가,괴담수집가,60,1분당 350원,"1210,1325,1440,1555,1710,1825,1940,2055,2210",,"1110,1225,1340,1455,1610,1725,1840,1955,2110,2225",,
find_esc,더파인더 방탈출,find_esc4,4,4,60,1분당 350원,"1215,1330,1445,1600,1715,1830,1945,2100,2215",,"1115,1230,1345,1500,1615,1730,1845,2000,2115,2230",,
find_esc,더파인더 방탈출,find_esc5,더 헝거,더 헝거,60,1분당 350원,"1220,1335,1450,1605,1720,1835,1950,2105,2220",,"1120,1235,1350,1505,1620,1735,1850,2005,2120,2235",,
dd_dhr,덤앤더머 대학로점,dd_dhr1,#01 OBSERVER_작전명:옵저버 (대학로),#01 OBSERVER_작전명:옵저버,60,"1인 22,000원","1000,1115,1230,1345,1500,1615,1730,1845,2000,2115,2230",,"1000,1115,1230,1345,1500,1615,1730,1845,2000,2115,2230",,
dd_dhr,덤앤더머 대학로점,dd_dhr2,#02 CRIME CITY_크라임시티 (대학로),#02 CRIME CITY_크라임시티,60,"1인 22,000원","1000,1115,1230,1345,1500,1615,1730,1845,2000,2115,2230",,"1000,1115,1230,1345,1500,1615,1730,1845,2000,2115,2230",,
dd_dhr,덤앤더머 대학로점,dd_dhr3,#03 LOVE-CLINIC_러브클리닉 (대학로),#03 LOVE-CLINIC_러브클리닉,60,"1인 22,000원","1015,1130,1245,1400,1515,1630,1745,1900,2015,2130,2245",,"1015,1130,1245,1400,1515,1630,1745,1900,2015,2130,2245",,
dd_dhr,덤앤더머 대학로점,dd_dhr4,#04 TO ALLICE_투 앨리스 (대학로),#04 TO ALLICE_투 앨리스,60,"1인 22,000원","1015,1130,1245,1400,1515,1630,1745,1900,2015,2130,2245",,"1015,1130,1245,1400,1515,1630,1745,1900,2015,2130,2245",,
dd_dhr,덤앤더머 대학로점,dd_dhr5,#05 BLUE BEARD_푸른수염 (대학로),#05 BLUE BEARD_푸른수염,60,"1인 22,000원","1030,1145,1300,1415,1530,1645,1800,1915,2030,2145,2300",,"1030,1145,1300,1415,1530,1645,1800,1915,2030,2145,2300",,
dd_dhr,덤앤더머 대학로점,dd_dhr6,#06 GLAMPING_글램핑,#06 GLAMPING_글램핑,60,"1인 22,000원","1030,1145,1300,1415,1530,1645,1800,1915,2030,2145,2300",,"1030,1145,1300,1415,1530,1645,1800,1915,2030,2145,2300",,
dd_sm,덤앤더머 서면점,dd_sm1,#01 소공녀 (부산),#01 소공녀,60,"1인 22,000원","1240,1400,1520,1640,1800,1920,2040",,"1000,1120,1240,1400,1520,1640,1800,1920,2040",,
dd_sm,덤앤더머 서면점,dd_sm10,#12 BLUE BEARD_푸른수염 (부산),#12 BLUE BEARD_푸른수염,60,"1인 22,000원","1320,1440,1600,1720,1840,2000,2120",,"1040,1200,1320,1440,1600,1720,1840,2000,2120",,
dd_sm,덤앤더머 서면점,dd_sm11,#13 X테마_학교괴담,#13 X테마_학교괴담,45,"1인 18,000원","1220,1315,1410,1505,1600,1755,1850,1945,2040,2130",,"1030,1125,1220,1315,1410,1505,1600,1755,1850,1945,2040,2130",,
dd_sm,덤앤더머 서면점,dd_sm2,#02 LOVE-CLINIC_러브클리닉 (부산),#02 LOVE-CLINIC_러브클리닉,60,"1인 22,000원","1300,1420,1540,1700,1820,1940,2100",,"1020,1140,1300,1420,1540,1700,1820,1940,2100",,
dd_sm,덤앤더머 서면점,dd_sm3,#03 TO ALLICE_투 앨리스 (부산),#03 TO ALLICE_투 앨리스,60,"1인 22,000원","1240,1400,1520,1640,1800,1920,2040",,"1000,1120,1240,1400,1520,1640,1800,1920,2040",,
dd_sm,덤앤더머 서면점,dd_sm4,#05 GLAMPING_글램핑B,#05 GLAMPING_글램핑B,60,"1인 22,000원","1300,1420,1540,1700,1820,1940,2100",,"1020,1140,1300,1420,1540,1700,1820,1940,2100",,
dd_sm,덤앤더머 서면점,dd_sm5,#06 동전노래방,#06 동전노래방,60,"1인 22,000원","1400,1520,1640,1800,1920,2040",,"1120,1240,1400,1520,1640,1800,1920,2040",,
dd_sm,덤앤더머 서면점,dd_sm6,#07 OBSERVER_작전명:옵저버 (부산),#07 OBSERVER_작전명:옵저버,60,"1인 22,000원","1310,1430,1550,1710,1830,1950,2110",,"1030,1150,1310,1430,1550,1710,1830,1950,2110",,
dd_sm,덤앤더머 서면점,dd_sm7,#09 Knock Knock (부산),#09 Knock Knock,60,"1인 22,000원","1340,1500,1620,1740,1900,2020,2140",,"1100,1220,1340,1500,1620,1740,1900,2020,2140",,
dd_sm,덤앤더머 서면점,dd_sm8,#10 기담 (부산),#10 기담,60,"1인 22,000원","1340,1500,1620,1740,1900,2020,2140",,"1100,1220,1340,1500,1620,1740,1900,2020,2140",,
dd_sm,덤앤더머 서면점,dd_sm9,#11 CRIME CITY_크라임시티 (부산),#11 CRIME CITY_크라임시티,60,"1인 22,000원","1320,1440,1600,1720,1840,2000,2120",,"1040,1200,1320,1440,1600,1720,1840,2000,2120",,
dd_hd,덤앤더머 홍대점,dd_hd1,#01 오므라이스,#01 오므라이스,60,"1인 22,000원","1140,1300,1420,1540,1700,1820,1940,2100,2220,2340",,"1140,1300,1420,1540,1700,1820,1940,2100,2220,2340",,
dd_hd,덤앤더머 홍대점,dd_hd2,#02 소공녀 (홍대),#02 소공녀,60,"1인 22,000원","1120,1240,1400,1520,1640,1800,1920,2040,2200,2320",,"1120,1240,1400,1520,1640,1800,1920,2040,2200,2320",,
dd_hd,덤앤더머 홍대점,dd_hd3,#03 버킷리스트,#03 버킷리스트,60,"1인 22,000원","1140,1300,1420,1540,1700,1820,1940,2100,2220,2340",,"1140,1300,1420,1540,1700,1820,1940,2100,2220,2340",,
dd_hd,덤앤더머 홍대점,dd_hd4,#04 기담 (홍대),#04 기담,60,"1인 22,000원","1140,1300,1420,1540,1700,1820,1940,2100,2220,2340",,"1140,1300,1420,1540,1700,1820,1940,2100,2220,2340",,
dd_hd,덤앤더머 홍대점,dd_hd5,#05 Knock Knock (홍대),#05 Knock Knock,65,"1인 22,000원","1120,1240,1400,1520,1640,1800,1920,2040,2200,2320",,"1120,1240,1400,1520,1640,1800,1920,2040,2200,2320",,
dd_hd,덤앤더머 홍대점,dd_hd6,#06 마리오네뜨,#06 마리오네뜨,70,"1인 25,000원","1200,1330,1500,1630,1800,1930,2100,2230",,"1200,1330,1500,1630,1800,1930,2100,2230",,
dd_hd,덤앤더머 홍대점,dd_hd7,#07 휴가중,#07 휴가중,70,"1인 25,000원","1130,1300,1430,1600,1730,1900,2030,2200,2330",,"1130,1300,1430,1600,1730,1900,2030,2200,2330",,
de_gg,도어이스케이프 강남가든점,de_gg1,출동,출동,70,"1인 26,000원","1050,1220,1350,1520,1650,1820,1950,2120",,"0950,1115,1240,1405,1530,1655,1820,1945,2105",,
de_gg,도어이스케이프 강남가든점,de_gg2,INSERT COIN,"INSERT COIN,인서트코인",60,"1인 23,000원","1030,1145,1300,1415,1530,1645,1800,1915,2030,2140",,"1050,1205,1320,1435,1550,1705,1820,1935,2050,2200",,
de_gg,도어이스케이프 강남가든점,de_gg3,둘이라면,둘이라면,60,"1인 23,000원","1025,1140,1255,1410,1525,1640,1755,1910,2025,2140",,"1040,1155,1310,1425,1540,1655,1810,1925,2040,2150",,
de_gg,도어이스케이프 강남가든점,de_gg4,IMAGINE,"IMAGINE,이매진",70,"1인 26,000원","1020,1145,1310,1435,1600,1725,1850,2015,2135",,"1000,1125,1250,1415,1540,1705,1830,1955,2115",,
de_dj,도어이스케이프 대전유성 NC백화점,de_dj1,나는 아직도 배고프G,"나는아직도배고프G,나는아직도배고프지",20,"1인 12,000원","1040,1110,1140,1210,1240,1310,1340,1410,1440,1510,1540,1610,1640,1710,1740,1810,1840,1910,1940,2010,2040",,"1040,1110,1140,1210,1240,1310,1340,1410,1440,1510,1540,1610,1640,1710,1740,1810,1840,1910,1940,2010,2040",,
de_dj,도어이스케이프 대전유성 NC백화점,de_dj2,도어항공 41C,도어항공41C,40,"1인 17,000원","1050,1140,1230,1325,1415,1505,1555,1645,1735,1830,1920,2010",,"1050,1140,1230,1325,1415,1505,1555,1645,1735,1830,1920,2010",,
de_dj,도어이스케이프 대전유성 NC백화점,de_dj3,서커스 : THE CLEANING MAN,"서커스,THE CLEANING MAN,더클리닝맨",60,"1인 22,000원","1040,1200,1320,1440,1600,1720,1840,2000",,"1040,1200,1320,1440,1600,1720,1840,2000",,
de_dj,도어이스케이프 대전유성 NC백화점,de_dj4,산타의 민족,산타의민족,60,"1인 22,000원","1045,1205,1325,1445,1605,1725,1845,2000",,"1045,1205,1325,1445,1605,1725,1845,2000",,
de_dj,도어이스케이프 대전유성 NC백화점,de_dj5,GOOD NIGHT,"GOOD NIGHT,굿나잇",60,"1인 22,000원","1040,1200,1315,1435,1555,1715,1835,1955",,"1040,1200,1315,1435,1555,1715,1835,1955",,
de_dj,도어이스케이프 대전유성 NC백화점,de_dj6,WOULD YOU FIND ME?,"WOULD YOU FIND ME?,우쥬파인드미?",60,"1인 22,000원","1055,1220,1350,1520,1650,1820,1950",,"1055,1220,1350,1520,1650,1820,1950",,
de_bp,도어이스케이프 부평점,de_bp1,요원들은 들어라,요원들은들어라,60,"1인 23,000원","1100,1215,1330,1445,1600,1715,1830,1950,2105,2220",,"1005,1120,1235,1350,1505,1620,1735,1850,2005,2120,2240",,
de_bp,도어이스케이프 부평점,de_bp2,호롱,호롱,65,"1인 24,000원","1115,1235,1355,1515,1635,1755,1915,2035,2200",,"1020,1150,1310,1430,1550,1710,1830,1950,2110,2230",,
de_bp,도어이스케이프 부평점,de_bp3,몽타주,몽타주,70,"1인 26,000원","1105,1230,1355,1520,1645,1810,1935,2100,2225",,"0950,1115,1240,1405,1530,1655,1820,1945,2110,2235",,
de_sr,도어이스케이프 신논현 레드점,de_sr1,LUCKY,"LUCKY,럭키",75,"1인 27,000원","1040,1215,1350,1525,1700,1835,2010,2135",,"1040,1205,1340,1515,1650,1825,2000,2130",,
de_sr,도어이스케이프 신논현 레드점,de_sr2,비,비,77,"1인 27,000원","1110,1250,1430,1610,1750,1930,2110",,"1050,1220,1355,1530,1705,1840,2015,2150",,
de_sr,도어이스케이프 신논현 레드점,de_sr3,유전,유전,75,"1인 25,000원","1030,1205,1340,1515,1650,1825,2000,2125",,"1030,1155,1330,1505,1640,1815,1950,2120",,
de_sb,도어이스케이프 신논현 블루점,de_sb1,TRUTH,"TRUTH,트루스",80,"1인 28,000원","1100,1250,1440,1630,1820,2010,2200",,"1040,1220,1400,1540,1720,1900,2040,2220",,
de_sb,도어이스케이프 신논현 블루점,de_sb2,이방인,이방인,120,"1인 40,000원","1120,1350,1620,1850,2120",,"1115,1350,1625,1900,2130",,
de_as,도어이스케이프 안산점,de_as1,파라오의 석실 (안산),파라오의석실,60,"1인 22,000원","1210,1330,1440,1550,1710,1830,1950,2100,2210",,"1100,1210,1330,1440,1550,1710,1830,1950,2100,2210",,
de_as,도어이스케이프 안산점,de_as2,마녀의 저주,마녀의저주,60,"1인 22,000원","1210,1330,1440,1550,1710,1830,1950,2100,2210",,"1100,1210,1330,1440,1550,1710,1830,1950,2100,2210",,
de_as,도어이스케이프 안산점,de_as3,미친 의사,미친의사,60,"1인 22,000원","1210,1330,1440,1600,1720,1840,2000,2110,2220",,"1100,1210,1330,1440,1600,1720,1840,2000,2110,2220",,
de_as,도어이스케이프 안산점,de_as4,빅뱅,빅뱅,60,"1인 22,000원","1210,1330,1440,1550,1700,1810,1930,2050,2210",,"1100,1210,1330,1440,1550,1700,1810,1930,2050,2210",,
de_as,도어이스케이프 안산점,de_as5,측신,측신,60,"1인 23,000원","1205,1325,1445,1605,1725,1845,2005,2125",,"1045,1205,1325,1445,1605,1725,1845,2005,2125",,
de_as,도어이스케이프 안산점,de_as6,ELLODIE,"ELLODIE,엘로디",60,,,,,,
de_ls,도어이스케이프 이수역점,de_ls1,파라오의 석실 (이수역),파라오의석실,60,"1인 22,000원","1410,1535,1640,1800,1920,2040,2200",,"1100,1205,1315,1425,1540,1655,1815,1935,2050,2205",,
de_ls,도어이스케이프 이수역점,de_ls2,빠삐용,빠삐용,60,"1인 22,000원","1410,1530,1650,1810,1930,2050,2205",,"1100,1205,1320,1440,1600,1720,1840,2000,2110,2220",,
de_ls,도어이스케이프 이수역점,de_ls3,검은조직,검은조직,60,"1인 22,000원","1415,1530,1645,1805,1925,2045,2200",,"1100,1210,1320,1435,1550,1710,1830,1945,2100,2210",,
de_ls,도어이스케이프 이수역점,de_ls4,S.O.S 정글,SOS정글,60,"1인 22,000원","1420,1535,1655,1815,1935,2055,2210",,"1100,1210,1325,1445,1605,1725,1845,2005,2115,2220",,
de_hd,도어이스케이프 홍대점,de_hd1,신기루,신기루,80,"1인 28,000원","1030,1155,1320,1445,1610,1735,1900,2025,2150",,"1030,1155,1320,1445,1610,1735,1900,2025,2150",,
de_hd,도어이스케이프 홍대점,de_hd2,해결(解結),해결,60,"1인 23,000원","1035,1150,1305,1425,1545,1705,1825,1945,2105,2220",,"1035,1150,1305,1425,1545,1705,1825,1945,2105,2220",,
dle_gn,돌로이스케이프,dle_gn1,무엇에 썼던 물건인고?,무엇에썼던물건인고?,70,"1인 24,000원","1040,1215,1350,1525,1700,1835,2010,2145",,"1040,1215,1350,1525,1700,1835,2010,2145",,
dle_gn,돌로이스케이프,dle_gn2,시선,시선,70,"1인 27,000원","1050,1225,1400,1535,1710,1845,2020,2155",,"1050,1225,1400,1535,1710,1845,2020,2155",,
dle_gn,돌로이스케이프,dle_gn3,아로새김,아로새김,70,"1인 27,000원","1030,1205,1340,1515,1650,1825,2000,2135",,"1030,1205,1340,1515,1650,1825,2000,2135",,
dm_gw1,둠이스케이프 1호점,dm_gw1_1,나폴리탄,"NAPOLITAN,나폴리탄",70,"1인 28,000원","1100,1230,1400,1530,1700,1830,2000,2130,2300",,"1100,1230,1400,1530,1700,1830,2000,2130,2300",,
dm_gw1,둠이스케이프 1호점,dm_gw1_2,Rendering,"Rendering,렌더링",65,"1인 23,000원","1120,1250,1420,1550,1720,1850,2020,2150,2320",,"1120,1250,1420,1550,1720,1850,2020,2150,2320",,
dm_gw1,둠이스케이프 1호점,dm_gw1_3,기담정,기담정,70,"1인 25,000원","1140,1310,1440,1610,1740,1910,2040,2210,2340",,"1140,1310,1440,1610,1740,1910,2040,2210,2340",,
dm_gw1,둠이스케이프 1호점,dm_gw1_4,인앤아웃,"인앤아웃,in&out",65,"1인 23,000원","1200,1330,1500,1630,1800,1930,2100,2230,2400",,"1200,1330,1500,1630,1800,1930,2100,2230,2400",,
dm_gw2,둠이스케이프 2호점,dm_gw2_1,운명,운명,70,"1인 26,000원","1250,1420,1550,1720,1850,2020,2150,2320",,"1120,1250,1420,1550,1720,1850,2020,2150,2320",,
dm_gw2,둠이스케이프 2호점,dm_gw2_2,디스토피아,디스토피아,70,"1인 26,000원","1230,1400,1530,1700,1830,2000,2130,2300",,"1100,1230,1400,1530,1700,1830,2000,2130,2300",,
dm_gw2,둠이스케이프 2호점,dm_gw2_3,죄,죄,70,"1인 26,000원","1310,1440,1610,1740,1910,2040,2210,2340",,"1140,1310,1440,1610,1740,1910,2040,2210,2340",,
dm_gw2,둠이스케이프 2호점,dm_gw2_4,인바이트,인바이트,70,"1인 26,000원","1330,1500,1630,1800,1930,2100,2230,2400",,"1200,1330,1500,1630,1800,1930,2100,2230,2400",,
dm_dth,둠이스케이프 DTH점,dm_dth1,슬래셔,슬래셔,100,"1인 42,000원 (3~6인)","1120,1300,1440,1620,1800,1940,2120,2300",,"1000,1140,1320,1500,1640,1820,2000,2140,2320",,
dm_dth,둠이스케이프 DTH점,dm_dth2,트리거,트리거,65,"1인 26,000원","1110,1230,1350,1510,1630,1810,1950,2130,2310",,"1000,1120,1240,1400,1520,1640,1800,1920,2040,2200,2320",,
dm_dth,둠이스케이프 DTH점,dm_dth3,언리얼,언리얼,80,"1인 32,000원","1125,1245,1405,1525,1645,1825,2005,2145,2325",,"1015,1135,1255,1415,1535,1655,1815,1935,2055,2215,2335",,
dm_dth,둠이스케이프 DTH점,dm_dth4,스네어,스네어,65,"1인 26,000원","1150,1330,1510,1650,1830,2010,2150,2330",,"1020,1140,1300,1420,1540,1700,1820,1940,2100,2220,2340",,
dm_fear,둠이스케이프 FEAR점,dm_fear1,허수아비,"허수아비,SCARECROW",70,"1인 31,000원","1100,1230,1530,1715,1900,2100",,"1100,1230,1530,1715,1900,2100",,
dm_fear,둠이스케이프 FEAR점,dm_fear2,옵스큐라,"옵스큐라,OBSCURA",70,"1인 31,000원","1200,1400,1530,1830,2015,2200",,"1200,1400,1530,1830,2015,2200",,
dm_fear,둠이스케이프 FEAR점,dm_fear3,데이투어,"데이투어,DAYTOUR",70,,,,,,
dre_kd,드림이스케이프 건대점,dre_kd1,V.E.T.,"VET,브이이티",60,"1인 25,000원","1000,1120,1240,1400,1520,1640,1800,1920,2040,2200",,"1000,1120,1240,1400,1520,1640,1800,1920,2040,2200",,
dre_kd,드림이스케이프 건대점,dre_kd2,Dolphin,"돌핀,DOLPHIN",65,"1인 26,000원","1010,1130,1250,1410,1530,1650,1810,1930,2050,2210",,"1010,1130,1250,1410,1530,1650,1810,1930,2050,2210",,
dre_kd,드림이스케이프 건대점,dre_kd3,ALL THE BOX PARADISE,"ALLTHEBOXPARADISE,올더박스파라다이스,올박",80,"1인 30,000원","1030,1205,1340,1515,1650,1825,2000,2135",,"1030,1205,1340,1515,1650,1825,2000,2135",,
dre_kd,드림이스케이프 건대점,dre_kd4,"바야흐로, 여름이었다","바야흐로여름이었다,바여름",80,"1인 32,000원","0950,1125,1300,1435,1610,1745,1920,2055,2230",,"0940,1115,1250,1425,1600,1735,1910,2045,2220",,
dp_tk,딥띵커,dp_tk1,옹이의 꿈,옹이의꿈,65,"1인 26,000원","1000,1100,1200,1300,1400,1500,1600,1700,1800,1900,2000,2100,2200",,"1000,1100,1200,1300,1400,1500,1600,1700,1800,1900,2000,2100,2200",,
last_esc,라스트 이스케이프,last_esc1,ALCATRAZ,"ALCATRAZ,알카트라즈",60,"1인 25,000원","1100,1210,1320,1430,1540,1650,1800,1910,2020,2130,2240",,"1100,1210,1320,1430,1540,1650,1800,1910,2020,2130,2240",,
last_esc,라스트 이스케이프,last_esc2,SECRETARY,"SECRETARY,비서",60,"1인 25,000원","1005,1115,1225,1335,1445,1555,1705,1815,1925,2035,2145,2255",,"1005,1115,1225,1335,1445,1555,1705,1815,1925,2035,2145,2255",,
last_esc,라스트 이스케이프,last_esc3,五感,"五感,오감",60,"1인 25,000원","1020,1130,1240,1350,1500,1610,1720,1830,1940,2050,2200,2310",,"1020,1130,1240,1350,1500,1610,1720,1830,1940,2050,2200,2310",,
last_esc,라스트 이스케이프,last_esc4,Club LE7ELS,"Club LE7ELS,클럽레벨스,CLUB LEVELS",60,"1인 25,000원","1035,1145,1255,1405,1515,1625,1735,1845,1955,2105",,"1035,1145,1255,1405,1515,1625,1735,1845,1955,2105",,
live_c,라이브시네마,live_c1,우정,우정,100,"1팀 240,000원 (3~5인)","1005,1155,1345,1535,1725,1915,2105",,"1005,1155,1345,1535,1725,1915,2105",,
live_c,라이브시네마,live_c2,학교 : 그 날의 이야기,학교,100,"1팀 220,000원 (3~5인)","1015,1205,1355,1545,1735,1925,2115",,"1015,1205,1355,1545,1735,1925,2115",,
rs_hr,러시아워,rs_hr1,전생연분,전생연분,75,"1인 25,000원","1230,1410,1550,1730,1910,2050,2230",,"1050,1230,1410,1550,1730,1910,2050,2230",,
rs_hr,러시아워,rs_hr2,녀,녀,60,"1인 22,000원","1200,1320,1440,1600,1720,1840,2000,2120,2250",,"1040,1200,1320,1440,1600,1720,1840,2000,2120,2250",,
rs_hr,러시아워,rs_hr3,하루끝,하루끝,70,"1인 23,000원","1210,1340,1510,1640,1810,1940,2110,2240",,"1040,1210,1340,1510,1640,1810,1940,2110,2240",,
rs_hr,러시아워,rs_hr4,미끼,미끼,60,"1인 22,000원","1230,1350,1510,1630,1750,1910,2030,2150,2310",,"1110,1230,1350,1510,1630,1750,1910,2030,2150,2310",,
rs_hr,러시아워,rs_hr5,빔프로젝트,빔프로젝트,60,"1인 22,000원","1155,1315,1435,1550,1715,1835,1955,2115,2235",,"1035,1155,1315,1435,1550,1715,1835,1955,2115,2235",,
rh_rm,러시아워 2호점 로드맨션,rh_rm1,지난날,지난날,85,"1인 28,000원","1250,1510,1730,1950,2210",,"1030,1250,1510,1730,1950,2210",,
rh_rm,러시아워 2호점 로드맨션,rh_rm2,오드의 마법사,오드의 마법사,65,"1인 23,000원","1155,1320,1445,1610,1735,1900,2025,2150,2315",,"1030,1155,1320,1445,1610,1735,1900,2025,2150,2315",,
rh_rm,러시아워 2호점 로드맨션,rh_rm3,우당탕탕 치즈탈환 대작전!,우당탕탕 치즈탈환 대작전!,60,"1인 22,000원","1145,1310,1435,1600,1725,1850,2015,2140,2300",,"1020,1145,1310,1435,1600,1725,1850,2015,2140,2300",,
rh_rm,러시아워 2호점 로드맨션,rh_rm4,듀얼,듀얼,100,"1인 28,000원","1250,1510,1730,1950,2210",,"1030,1250,1510,1730,1950,2210",,
rh_ct,러시아워 3호점 시네마틱,rh_ct1,악녀 - 은화기숙학원,악녀 - 은화기숙학원,80,"1인 31,000원","1210,1350,1530,1710,1850,2030,2210",,"1030,1210,1350,1530,1710,1850,2030,2210",,
rh_ct,러시아워 3호점 시네마틱,rh_ct2,빨간집,빨간집,60,"1인 26,000원","1135,1250,1405,1520,1635,1750,1905,2020,2135,2250",,"1020,1135,1250,1405,1520,1635,1750,1905,2020,2135,2250",,
lds_hd,레다스퀘어 홍대점,lds_hd1,세상의 진실을 마주하는 일에 대하여,"세상의진실을마주하는일에대하여,세진마",60,"1인 24,000원","1120,1230,1340,1450,1600,1710,1820,1930,2040,2150,2300",,"1010,1120,1230,1340,1450,1600,1710,1820,1930,2040,2150,2300",,
lds_hd,레다스퀘어 홍대점,lds_hd2,아득히 바라던 타오름에 대하여,"아득히바라던타오름에대하여,아바타",75,"2~3인 129,000원 / 4인 156,000원","1450,1620,1750,1920,2050,2220",,"1000,1130,1300,1430,1600,1725,1855,2025,2155",,
lds_hd,레다스퀘어 홍대점,lds_hd3,사라진 진실과 상실에 대하여,"사라진진실과상실에대하여,사진상",60,"1인 24,000원","1150,1300,1410,1520,1630,1740,1850,2000,2110,2220",,"1040,1150,1300,1410,1520,1630,1740,1850,2000,2110,2220",,
lt_ss,레토 성수,lt_ss1,호텔 레토,호텔 레토,100,"1팀 200,000원 (2~4인) / 1인 추가시 20,000원 (최대 6인)","1030,1200,1330,1500,1630,1800,1930,2100",,"1030,1200,1330,1500,1630,1800,1930,2100",,
rle_sl2,룸엘이스케이프 신림2호점,rle_sl2_1,귀장고,귀장고,65,"1인 27,000원","1250,1415,1540,1705,1830,1955,2120,2245,2410",,"1250,1415,1540,1705,1830,1955,2120,2245,2410",,
rle_sl3,룸엘이스케이프 신림3호점,rle_sl3_1,FILTER_필터,"FILTER,필터",85,"1인 32,000원","0930,1110,1250,1430,1610,1750,1930,2110,2250",,"0930,1110,1250,1430,1610,1750,1930,2110,2250",,
rle_sl1,룸엘이스케이프 신림점,rle_sl1_1,METRO,"METRO,메트로",70,"1인 25,000원","1130,1300,1430,1600,1730,1900,2030,2200",,"1000,1130,1300,1430,1600,1730,1900,2030,2200",,
rle_sl1,룸엘이스케이프 신림점,rle_sl1_2,악몽,악몽,70,"1인 25,000원","1100,1230,1400,1530,1700,1830,2000,2130",,"1100,1230,1400,1530,1700,1830,2000,2130",,
rle_sl1,룸엘이스케이프 신림점,rle_sl1_3,트레져헌터,"트레져헌터,트레저헌터",70,"1인 25,000원","1130,1300,1430,1600,1730,1900,2030,2200",,"1000,1130,1300,1430,1600,1730,1900,2030,2200",,
rle_sl1,룸엘이스케이프 신림점,rle_sl1_4,아빠.. 어디가?,아빠어디가,50,"1인 17,000원","1100,1210,1320,1430,1540,1650,1800,1910,2020,2130",,"0950,1100,1210,1320,1430,1540,1650,1800,1910,2020,2130",,
rle_hd1,룸엘이스케이프 홍대1호점,rle_hd1_1,베니,베니,70,"1인 26,000원","0920,1045,1210,1335,1500,1625,1750,1915,2040,2205",,"0920,1045,1210,1335,1500,1625,1750,1915,2040,2205",,
rle_hd1,룸엘이스케이프 홍대1호점,rle_hd1_2,퇴근길,퇴근길,75,"1인 28,000원","0920,1050,1220,1350,1520,1650,1820,1950,2120,2250",,"0920,1050,1220,1350,1520,1650,1820,1950,2120,2250",,
rex_bk,룸익스케이프 BLACK,rex_bk1,냥이점집,냥이점집,60,"1인 22,000원","1500,1620,1740,1900,2020,2140",,"1150,1305,1420,1535,1650,1805,1920,2035,2150",,
rex_bk,룸익스케이프 BLACK,rex_bk2,어느 구두쇠의 전시회장,어느구두쇠의전시회장,60,"1인 22,000원","1410,1520,1640,1800,1920,2040,2150",,"1250,1405,1520,1635,1750,1905,2020,2135",,
rex_bk,룸익스케이프 BLACK,rex_bk3,트레저쉽 : 신화 속의 존재,"트레저쉽,신화속의존재",60,"1인 22,000원","1420,1540,1700,1820,1940,2100",,"1230,1345,1500,1615,1730,1845,2000,2115",,
rex_bk,룸익스케이프 BLACK,rex_bk4,에이전트 : 노출된 미션,"에이전트,노출된미션",60,"1인 22,000원","1435,1555,1715,1835,1955,2115",,"1210,1325,1440,1555,1710,1825,1940,2055,2210",,
rex_ib,룸익스케이프 INDIGO BLUE,rex_ib1,드림포스트,"드림포스트,드포,DREAM POST",100,"1인 34,000원","1255,1415,1535,1655,1815,1935,2055",,"1015,1135,1255,1415,1535,1655,1815,1935,2055",,
rex_ib,룸익스케이프 INDIGO BLUE,rex_ib2,플라이 미 투 더 문,"플라이미투더문,플투문,플라이투더문,FLY ME TO THE MOON",100,"1인 34,000원","1220,1340,1500,1620,1740,1900,2020,2140",,"0940,1100,1220,1340,1500,1620,1740,1900,2020,2140",,
rex_ib,룸익스케이프 INDIGO BLUE,rex_ib3,"HOLY MOLEY, MORE, MORE, MOLE!","HOLY MOLEY, MORE, MORE, MORE!,홀리몰리몰몰몰",60,"1인 24,000원","1240,1400,1520,1640,1800,1920,2040,2200",,"1000,1120,1240,1400,1520,1640,1800,1920,2040,2200",,
rex_ov,룸익스케이프 OLIVE,rex_ov1,JUDGE : 정의 집행,"져지,JUDGE,정의집행",60,"1인 22,000원","1045,1155,1310,1430,1550,1705,1620,1935,2045,2155",,"0935,1045,1155,1310,1430,1550,1705,1620,1935,2045,2155",,
rex_ov,룸익스케이프 OLIVE,rex_ov2,오즈 : 익시드 드림,"오즈,OZ,익시드드림",75,"1인 27,000원","1005,1110,1215,1320,1425,1530,1635,1740,1845,1950,2055,2200",,"0900,1005,1110,1215,1320,1425,1530,1635,1740,1845,1950,2055,2200",,
rex_wh,룸익스케이프 WHITE,rex_wh1,대저택 레테 : 잠겨버린 출구,"대저택레테,잠겨버린출구",60,"1인 22,000원","1330,1455,1620,1745,1910,2035,2200",,"1115,1230,1345,1500,1615,1730,1845,2005,2120,2235",,
rex_wh,룸익스케이프 WHITE,rex_wh2,신비로운 호빗의 집,신비로운호빗의집,60,"1인 22,000원","1310,1435,1600,1725,1850,2015,2140",,"1210,1325,1440,1555,1710,1825,1940,2055,2210",,
rex_wh,룸익스케이프 WHITE,rex_wh3,23번째 실험연구 : 알비노,"23번째실험연구,알비노",60,"1인 22,000원","1310,1435,1600,1725,1850,2015,2140",,"1210,1325,1440,1555,1710,1825,1945,2100,2215",,
rex_wh,룸익스케이프 WHITE,rex_wh4,비폴로 17호 : 우주로의 확장,"비폴로17호,우주로의확장",60,"1인 22,000원","1330,1455,1620,1745,1910,2035,2200",,"1115,1230,1345,1500,1615,1730,1845,2000,2115,2230",,
rex_wh,룸익스케이프 WHITE,rex_wh5,마카오 : 꼭두각시 광시곡,"마카오,꼭두각시광시곡",60,"1인 22,000원","1350,1515,1640,1805,1930,2055",,"1135,1250,1405,1520,1635,1750,1905,2020,2135",,
ra_gn,룸즈에이 강남점,ra_gn1,MEGA GAME_메가게임,"메가게임,MEGA GAME,메겜",90,"1인 33,000원","1040,1220,1400,1540,1720,1900,2040,2220",,"1040,1220,1400,1540,1720,1900,2040,2220",,
ra_gn,룸즈에이 강남점,ra_gn2,SAVAGE_쎄비지,"쎄비지,세비지,SAVAGE",80,"1인 33,000원","1050,1230,1410,1550,1730,1910,2050,2230",,"1050,1230,1410,1550,1730,1910,2050,2230",,
ra_gn,룸즈에이 강남점,ra_gn3,BEETLE BATTLE_비틀배틀,"비틀배틀,BEETLE BATTLE",30,"1인 11,000원","1040,1130,1220,1310,1400,1450,1540,1630,1720,1810,1900,1950,2040,2130,2220,2310",,"1040,1130,1220,1310,1400,1450,1540,1630,1720,1810,1900,1950,2040,2130,2220,2310",,
ra_gn,룸즈에이 강남점,ra_gn4,GALAXY HYPRESS_갤럭시 하이프리스,"갤럭시하이프리스,갤하,GALAXY HYPRESS",50,"1인 19,000원","1045,1150,1255,1400,1505,1610,1715,1820,1925,2030,2135,2240",,"1045,1150,1255,1400,1505,1610,1715,1820,1925,2030,2135,2240",,
ra_gn,룸즈에이 강남점,ra_gn5,33: DOOR RUN,"33: DOOR RUN,33도어런",33,"1팀 33,000원 (2~4인)","1040,1125,1210,1255,1340,1425,1510,1555,1640,1725,1810,1855,1940,2025,2110,2155,1040",,"1040,1125,1210,1255,1340,1425,1510,1555,1640,1725,1810,1855,1940,2025,2110,2155,1040",,
ra_sm,룸즈에이 광주상무점,ra_sm1,띵가띵가 (광주),띵가띵가,60,"1인 22,000원","1220,1340,1500,1620,1740,1900,2020,2140",,"1100,1220,1340,1500,1620,1740,1900,2020,2140,2300",,
ra_sm,룸즈에이 광주상무점,ra_sm2,이상한 돈가스 (광주),이상한 돈가스,60,"1인 22,000원","1220,1340,1500,1620,1740,1900,2020,2140",,"1100,1220,1340,1500,1620,1740,1900,2020,2140,2300",,
ra_sm,룸즈에이 광주상무점,ra_sm3,뜻밖의 여행 (광주),뜻밖의 여행,60,"1인 22,000원","1300,1420,1540,1700,1820,1940,2100,2220",,"1140,1300,1420,1540,1700,1820,1940,2100,2220,2330",,
ra_sm,룸즈에이 광주상무점,ra_sm4,아이돌 남친 (광주),아이돌 남친,60,"1인 22,000원","1230,1350,1510,1630,1750,1910,2030,2150",,"1110,1230,1350,1510,1630,1750,1910,2030,2150,2310",,
ra_sm,룸즈에이 광주상무점,ra_sm5,그레이스 호텔 (광주),그레이스 호텔,70,"1인 23,000원","1250,1420,1550,1720,1850,2020,2150",,"1120,1250,1420,1550,1720,1850,2020,2150,2320",,
ra_sm,룸즈에이 광주상무점,ra_sm6,커밍순 (광주),커밍순,60,"1인 22,000원","1230,1350,1510,1630,1750,1910,2030,2150",,"1110,1230,1350,1510,1630,1750,1910,2030,2150,2310",,
ra_sm,룸즈에이 광주상무점,ra_sm7,이 소리 저만 들리나요?,이 소리 저만 들리나요?,60,"1인 22,000원","1220,1340,1500,1620,1740,1900,2020,2140",,"1100,1220,1340,1500,1620,1740,1900,2020,2140,2300",,
ra_sm,룸즈에이 광주상무점,ra_sm8,전지적 작가 시점 (광주),전지적 작가 시점,60,"1인 22,000원","1240,1400,1520,1640,1800,1920,2040,2200",,"1120,1240,1400,1520,1640,1800,1920,2040,2200,2320",,
ra_sm,룸즈에이 광주상무점,ra_sm9,멍사탕,멍사탕,60,"1인 22,000원","1240,1400,1520,1640,1800,1920,2040,2200",,"1120,1240,1400,1520,1640,1800,1920,2040,2200,2320",,
ra_gsw2,룸즈에이 광주수완2호점,ra_gsw2_1,놈즈 : 더 비기닝 (광주),놈즈 : 더 비기닝,80,"1인 26,000원","1225,1400,1535,1710,1845,2020,2155",,"1050,1225,1400,1535,1710,1845,2020,2155",,
ra_gsw2,룸즈에이 광주수완2호점,ra_gsw2_2,The Last Dance (광주),"The Last Dance,더라스트댄스",80,"1인 26,000원","1245,1420,1555,1730,1905,2040,2215",,"1110,1245,1420,1555,1730,1905,2040,2215",,
ra_gsw2,룸즈에이 광주수완2호점,ra_gsw2_3,아이언 게이트 프리즌 (광주),아이언 게이트 프리즌,75,"1인 26,000원","1230,1400,1530,1700,1830,2000,2130",,"1100,1230,1400,1530,1700,1830,2000,2130",,
ra_gsw2,룸즈에이 광주수완2호점,ra_gsw2_4,미스틱 클럽 (광주),미스틱 클럽,75,"1인 26,000원","1250,1420,1550,1720,1850,2020,2150",,"1120,1250,1420,1550,1720,1850,2020,2150",,
ra_gsw,룸즈에이 광주수완점,ra_gsw1,요정들의 술집 (광주),요정들의 술집,60,"1인 22,000원","1230,1340,1450,1600,1710,1820,1930,2040,2150",,"1110,1230,1340,1450,1600,1710,1820,1930,2040,2150",,
ra_gsw,룸즈에이 광주수완점,ra_gsw2,낭랑카페 (광주),낭랑카페,60,"1인 22,000원","1230,1340,1450,1600,1710,1820,1930,2040,2150",,"1110,1230,1340,1450,1600,1710,1820,1930,2040,2150",,
ra_gsw,룸즈에이 광주수완점,ra_gsw3,히어로 아카데미 (광주),히어로 아카데미,60,"1인 22,000원","1230,1340,1450,1600,1710,1820,1930,2040,2150",,"1110,1230,1340,1450,1600,1710,1820,1930,2040,2150",,
ra_gsw,룸즈에이 광주수완점,ra_gsw4,뽀득뽀득 (광주),뽀득뽀득,60,"1인 22,000원","1230,1350,1510,1630,1750,1910,2030,2150",,"1110,1230,1350,1510,1630,1750,1910,2030,2150",,
ra_gsw,룸즈에이 광주수완점,ra_gsw5,너와 나의 이야기 (광주),너와 나의 이야기,60,"1인 22,000원","1240,1400,1520,1640,1800,1920,2040,2200",,"1120,1240,1400,1520,1640,1800,1920,2040,2200",,
ra_gsw,룸즈에이 광주수완점,ra_gsw6,시크릿 에이전트 (광주),시크릿 에이전트,60,"1인 22,000원","1240,1400,1520,1640,1800,1920,2040,2200",,"1120,1240,1400,1520,1640,1800,1920,2040,2200",,
ra_gsw,룸즈에이 광주수완점,ra_gsw7,방과 후,방과 후,70,"1인 23,000원","1230,1400,1530,1700,1830,2000,2130",,"1100,1230,1400,1530,1700,1830,2000,2130",,
ra_dsr2,룸즈에이 대구동성로2호점,ra_dsr2_1,금 나와라 뚝딱,금 나와라 뚝딱,120,"1인 24,000원","1010,1125,1240,1355,1510,1625,1740,1855,2010,2125",,"1010,1125,1240,1355,1510,1625,1740,1855,2010,2125",,
ra_dsr2,룸즈에이 대구동성로2호점,ra_dsr2_2,여우골,여우골,60,"1인 23,000원","1010,1125,1240,1355,1510,1625,1740,1855,2010,2125,2240",,"1010,1125,1240,1355,1510,1625,1740,1855,2010,2125,2240",,
ra_dsr2,룸즈에이 대구동성로2호점,ra_dsr2_3,커밍순 (대구),커밍순,60,"1인 22,000원","1020,1135,1250,1405,1520,1635,1750,1905,2020,2135,2250",,"1020,1135,1250,1405,1520,1635,1750,1905,2020,2135,2250",,
ra_dsr2,룸즈에이 대구동성로2호점,ra_dsr2_4,띵가띵가 (대구),띵가띵가,60,"1인 22,000원","1005,1115,1225,1335,1445,1555,1705,1815,1925,2035,2145,2255",,"1005,1115,1225,1335,1445,1555,1705,1815,1925,2035,2145,2255",,
ra_dsr2,룸즈에이 대구동성로2호점,ra_dsr2_5,그레이스 호텔 (대구),그레이스 호텔,70,"1인 23,000원","1015,1140,1305,1430,1555,1720,1845,2010,2130,2250",,"1015,1140,1305,1430,1555,1720,1845,2010,2130,2250",,
ra_dsr2,룸즈에이 대구동성로2호점,ra_dsr2_6,아이덴티티,아이덴티티,70,"1인 23,000원","1005,1130,1255,1420,1545,1710,1835,2000,2125,2250",,"1005,1130,1255,1420,1545,1710,1835,2000,2125,2250",,
ra_dsr,룸즈에이 대구동성로점,ra_dsr1,뽀득뽀득 (대구),뽀득뽀득,60,"1인 22,000원","1010,1125,1240,1355,1510,1625,1740,1855,2010,2125,2240",,"1010,1125,1240,1355,1510,1625,1740,1855,2010,2125,2240",,
ra_dsr,룸즈에이 대구동성로점,ra_dsr2,노블리스트,노블리스트,70,"1인 22,000원","1000,1125,1250,1415,1540,1705,1830,1955,2120,2245",,"1000,1125,1250,1415,1540,1705,1830,1955,2120,2245",,
ra_dsr,룸즈에이 대구동성로점,ra_dsr3,취중진담,취중진담,60,"1인 22,000원","1020,1135,1250,1405,1520,1635,1750,1905,2020,2135,2250",,"1020,1135,1250,1405,1520,1635,1750,1905,2020,2135,2250",,
ra_dsr,룸즈에이 대구동성로점,ra_dsr4,반짝반짝 (대구),반짝반짝,60,"1인 22,000원","1015,1130,1245,1400,1515,1630,1745,1900,2015,2130,2245",,"1015,1130,1245,1400,1515,1630,1745,1900,2015,2130,2245",,
ra_dsr,룸즈에이 대구동성로점,ra_dsr5,아이돌 남친 (대구),아이돌 남친,60,"1인 22,000원","1020,1135,1250,1405,1520,1635,1750,1905,2020,2135,2250",,"1020,1135,1250,1405,1520,1635,1750,1905,2020,2135,2250",,
ra_ds,룸즈에이 대전둔산점,ra_ds1,뜻밖의 여행 (대전),뜻밖의 여행,60,"1인 22,000원","1100,1215,1330,1445,1600,1715,1830,1945,2100,2215",,"1100,1215,1330,1445,1600,1715,1830,1945,2100,2215",,
ra_ds,룸즈에이 대전둔산점,ra_ds2,신의 여인들,신의 여인들,60,"1인 22,000원","1110,1225,1340,1455,1610,1725,1840,1955,2110,2225",,"1110,1225,1340,1455,1610,1725,1840,1955,2110,2225",,
ra_ds,룸즈에이 대전둔산점,ra_ds3,시크릿 에이전트 (대전),시크릿 에이전트,60,"1인 22,000원","1120,1235,1350,1505,1620,1735,1850,2005,2120,2235",,"1120,1235,1350,1505,1620,1735,1850,2005,2120,2235",,
ra_ds,룸즈에이 대전둔산점,ra_ds4,귀빈_손님대접 (대전),"귀빈,손님대접",60,"1인 22,000원","1130,1245,1400,1515,1630,1745,1900,2015,2130,2245",,"1130,1245,1400,1515,1630,1745,1900,2015,2130,2245",,
ra_ds,룸즈에이 대전둔산점,ra_ds5,7 DAYS,"7 DAYS,세븐데이즈",60,"1인 22,000원","1140,1255,1410,1525,1640,1755,1910,2025,2140,2255",,"1140,1255,1410,1525,1640,1755,1910,2025,2140,2255",,
ra_ds,룸즈에이 대전둔산점,ra_ds6,THINKABLE (대전),"THINKABLE,띵커블,씽커블",40,"1인 15,000원","1105,1200,1255,1350,1445,1540,1635,1730,1825,1920,2015,2110,2205,2300",,"1105,1200,1255,1350,1445,1540,1635,1730,1825,1920,2015,2110,2205,2300",,
ra_eh,룸즈에이 대전은행점,ra_eh1,히어로 아카데미 (대전),히어로 아카데미,60,"1인 22,000원","1130,1240,1350,1505,1620,1735,1850,2005,2120,2235",,"1030,1140,1250,1400,1515,1630,1745,1900,2015,2130,2245",,
ra_eh,룸즈에이 대전은행점,ra_eh2,낭랑카페 (대전),낭랑카페,60,"1인 22,000원","1130,1240,1350,1505,1620,1735,1850,2005,2120,2235",,"1030,1140,1250,1400,1515,1630,1745,1900,2015,2130,2245",,
ra_eh,룸즈에이 대전은행점,ra_eh3,안개꽃 (대전),안개꽃,60,"1인 22,000원","1110,1220,1330,1445,1600,1715,1830,1945,2100,2215",,"1010,1120,1230,1340,1455,1610,1725,1840,1955,2110,2225",,
ra_eh,룸즈에이 대전은행점,ra_eh4,기억술사,기억술사,60,"1인 22,000원","1110,1220,1330,1445,1600,1715,1830,1945,2100,2215",,"1010,1120,1230,1340,1455,1610,1725,1840,1955,2110,2225",,
ra_dhr,룸즈에이 대학로점,ra_dhr1,시크릿 에이전트 (대학로),시크릿 에이전트,60,"1인 22,000원","1110,1220,1330,1445,1600,1715,1830,1945,2100,2215",,"1110,1220,1330,1445,1600,1715,1830,1945,2100,2215",,
ra_dhr,룸즈에이 대학로점,ra_dhr2,안개꽃 (대학로),안개꽃,60,"1인 22,000원","1110,1220,1330,1445,1600,1715,1830,1945,2100,2215",,"1110,1220,1330,1445,1600,1715,1830,1945,2100,2215",,
ra_dhr,룸즈에이 대학로점,ra_dhr3,낭랑카페 (대학로),낭랑카페,60,"1인 22,000원","1130,1240,1350,1505,1620,1735,1850,2005,2120,2235",,"1130,1240,1350,1505,1620,1735,1850,2005,2120,2235",,
ra_dhr,룸즈에이 대학로점,ra_dhr4,행방불냥 (대학로),행방불냥,60,"1인 22,000원","1120,1230,1340,1455,1610,1725,1840,1955,2110,2225",,"1120,1230,1340,1455,1610,1725,1840,1955,2110,2225",,
ra_dhr,룸즈에이 대학로점,ra_dhr5,Gain Time,"Gain Time,게인타임",60,"1인 22,000원","1120,1230,1340,1455,1610,1725,1840,1955,2110,2225",,"1120,1230,1340,1455,1610,1725,1840,1955,2110,2225",,
ra_dsra,룸즈에이 동성로아카데미점,ra_dsra1,필활 (대구),필활,70,"1인 25,000원","1005,1130,1255,1420,1545,1710,1835,2000,2125,2250",,"1005,1130,1255,1420,1545,1710,1835,2000,2125,2250",,
ra_dsra,룸즈에이 동성로아카데미점,ra_dsra2,평화로운 A마트 (대구),평화로운 에이마트,70,"1인 24,000원","1015,1140,1305,1430,1555,1720,1845,2010,2135,2255",,"1015,1140,1305,1430,1555,1720,1845,2010,2135,2255",,
ra_dsra,룸즈에이 동성로아카데미점,ra_dsra3,우당탕탕 (대구),우당탕탕,60,"1인 23,000원","1020,1135,1250,1405,1520,1635,1750,1905,2020,2135,2250",,"1020,1135,1250,1405,1520,1635,1750,1905,2020,2135,2250",,
ra_dsra,룸즈에이 동성로아카데미점,ra_dsra4,슬기로운 지구생활 (대구),슬기로운 지구생활,70,"1인 24,000원","1000,1125,1250,1415,1540,1705,1830,1955,2120,2245",,"1000,1125,1250,1415,1540,1705,1830,1955,2120,2245",,
ra_dsra,룸즈에이 동성로아카데미점,ra_dsra5,명부에 점을 찍으라,명부에 점을 찍으라,70,"1인 24,000원","1010,1135,1300,1425,1550,1715,1840,2005,2130,2255",,"1010,1135,1300,1425,1550,1715,1840,2005,2130,2255",,
ra_np,룸즈에이 부산남포점,ra_np1,제인하우스,제인하우스,60,"1인 22,000원","1100,1205,1310,1425,1540,1655,1810,1920,2030,2140,2250",,"1100,1205,1310,1425,1540,1655,1810,1920,2030,2140,2250",,
ra_np,룸즈에이 부산남포점,ra_np2,안개꽃 (부산),안개꽃,60,"1인 22,000원","1110,1215,1320,1435,1550,1705,1820,1930,2040,2150,2300",,"1110,1215,1320,1435,1550,1705,1820,1930,2040,2150,2300",,
ra_np,룸즈에이 부산남포점,ra_np3,행방불냥 (부산),행방불냥,60,"1인 22,000원","1100,1205,1310,1425,1540,1655,1810,1920,2030,2140,2250",,"1100,1205,1310,1425,1540,1655,1810,1920,2030,2140,2250",,
ra_np,룸즈에이 부산남포점,ra_np4,시크릿 에이전트 (부산),시크릿 에이전트,60,"1인 22,000원","1110,1215,1320,1435,1550,1705,1820,1930,2040,2150,2300",,"1110,1215,1320,1435,1550,1705,1820,1930,2040,2150,2300",,
ra_np,룸즈에이 부산남포점,ra_np5,낭랑카페 (부산),낭랑카페,60,"1인 22,000원","1100,1205,1310,1425,1540,1655,1810,1920,2030,2140,2250",,"1100,1205,1310,1425,1540,1655,1810,1920,2030,2140,2250",,
ra_np,룸즈에이 부산남포점,ra_np6,초콜릿 팩토리,초콜릿 팩토리,60,"1인 22,000원","1110,1215,1320,1435,1550,1705,1820,1930,2040,2150,2300",,"1110,1215,1320,1435,1550,1705,1820,1930,2040,2150,2300",,
ra_psm,룸즈에이 부산서면점,ra_psm1,요정들의 술집 (부산),요정들의 술집,60,"1인 22,000원","1115,1225,1335,1445,1555,1705,1815,1925,2035,2145",,"1005,1115,1225,1335,1445,1555,1705,1815,1925,2035,2145",,
ra_psm,룸즈에이 부산서면점,ra_psm2,히어로 아카데미 (부산),히어로 아카데미,60,"1인 22,000원","1140,1255,1410,1525,1640,1755,1910,2025,2140",,"1025,1140,1255,1410,1525,1640,1755,1910,2025,2140",,
ra_psm,룸즈에이 부산서면점,ra_psm3,프레임 하이커,프레임 하이커,60,"1인 22,000원","1130,1245,1400,1515,1630,1745,1900,2015,2130",,"1015,1130,1245,1400,1515,1630,1745,1900,2015,2130",,
ra_psm,룸즈에이 부산서면점,ra_psm4,퍼펙트 플랜,퍼펙트 플랜,60,"1인 22,000원","1120,1235,1350,1505,1620,1735,1850,2005,2120",,"1005,1120,1235,1350,1505,1620,1735,1850,2005,2120",,
ra_psm,룸즈에이 부산서면점,ra_psm5,너와 나의 이야기 (부산),너와 나의 이야기,60,"1인 22,000원","1135,1250,1405,1520,1635,1750,1905,2020,2135",,"1020,1135,1250,1405,1520,1635,1750,1905,2020,2135",,
ra_psm,룸즈에이 부산서면점,ra_psm6,아직 버리지 못한 지갑,아직 버리지 못한 지갑,60,"1인 22,000원","1125,1240,1355,1510,1625,1740,1855,2010,2125",,"1010,1125,1240,1355,1510,1625,1740,1855,2010,2125",,
ra_bp2,룸즈에이 부평2호점,ra_bp2_1,"1986, 구룡","1986,구룡",75,"1인 26,000원","1230,1400,1530,1700,1830,2000,2130",,"1100,1230,1400,1530,1700,1830,2000,2130",,
ra_bp2,룸즈에이 부평2호점,ra_bp2_2,"2002, 주안","2002,주안",60,"1인 23,000원","1205,1320,1435,1550,1705,1820,1935,2050,2205",,"1050,1205,1320,1435,1550,1705,1820,1935,2050,2205",,
ra_bp2,룸즈에이 부평2호점,ra_bp2_3,"2025, ALEx","2025,ALEx",70,"1인 26,000원","1215,1340,1505,1630,1755,1920,2045,2210",,"1050,1215,1340,1505,1630,1755,1920,2045,2210",,
ra_bp2,룸즈에이 부평2호점,ra_bp2_4,"1982, 그날의 사진사","1982,그날의사진사",70,"1인 26,000원","1225,1350,1515,1640,1805,1930,2055,2220",,"1100,1225,1350,1515,1640,1805,1930,2055,2220",,
ra_bp,룸즈에이 부평점,ra_bp1,아이언 게이트 프리즌 (부평),아이언게이트프리즌,75,"1인 26,000원","1200,1330,1500,1630,1800,1930,2100,2230",,"1030,1200,1330,1500,1630,1800,1930,2100,2230",,
ra_bp,룸즈에이 부평점,ra_bp2,놈즈 : 더 비기닝 (부평),"놈즈,더비기닝",80,"1인 26,000원","1225,1400,1535,1710,1845,2020,2155",,"1050,1225,1400,1535,1710,1845,2020,2155",,
ra_bp,룸즈에이 부평점,ra_bp3,미스틱 클럽 (부평),미스틱클럽,75,"1인 26,000원","1220,1350,1520,1650,1820,1950,2120",,"1050,1220,1350,1520,1650,1820,1950,2120",,
ra_bp,룸즈에이 부평점,ra_bp4,The Last Dance (부평),"The Last Dance,더라스트댄스",80,"1인 26,000원","1245,1420,1555,1730,1905,2040,2215",,"1110,1245,1420,1555,1730,1905,2040,2215",,
ra_sw2,룸즈에이 수원역2호점,ra_sw2_1,호텔 캘리포니아,호텔 캘리포니아,60,"1인 22,000원","1105,1225,1345,1505,1625,1745,1905,2025,2145,2305",,"1005,1125,1245,1405,1525,1645,1805,1925,2045,2205,2325",,
ra_sw2,룸즈에이 수원역2호점,ra_sw2_2,귀빈_손님대접 (수원),"귀빈,손님대접",60,"1인 22,000원","1135,1250,1405,1520,1635,1750,1905,2020,2135,2250",,"1035,1150,1305,1420,1535,1650,1805,1920,2035,2150,2305",,
ra_sw2,룸즈에이 수원역2호점,ra_sw2_3,슬기로운 지구생활 (수원),슬기로운 지구생활,70,"1인 24,000원","1115,1240,1405,1530,1655,1820,1945,2110,2235",,"1015,1140,1305,1430,1555,1720,1845,2010,2135,2300",,
ra_sw2,룸즈에이 수원역2호점,ra_sw2_4,평화로운 A마트 (수원),평화로운 A마트,70,"1인 24,000원","1105,1230,1355,1520,1645,1810,1935,2100,2225",,"1005,1130,1255,1420,1545,1710,1835,2000,2125,2250",,
ra_sw,룸즈에이 수원역점,ra_sw1,필활 (수원),필활,60,"1인 22,000원","1105,1230,1355,1520,1645,1810,1935,2100,2225",,"1005,1130,1255,1420,1545,1710,1835,2000,2125,2250",,
ra_sw,룸즈에이 수원역점,ra_sw2,띵가띵가 (수원),띵가띵가,60,"1인 22,000원","1115,1225,1335,1445,1600,1715,1830,1945,2100,2215",,"1015,1125,1235,1345,1455,1610,1725,1840,1955,2110,2225",,
ra_sw,룸즈에이 수원역점,ra_sw3,전지적 작가 시점 (수원),전지적 작가 시점,60,"1인 22,000원","1125,1235,1345,1455,1610,1725,1840,1955,2110,2225",,"1025,1135,1245,1355,1505,1620,1735,1850,2005,2120,2235",,
ra_sw,룸즈에이 수원역점,ra_sw4,우당탕탕 (수원),우당탕탕,60,"1인 22,000원","1135,1245,1355,1505,1620,1735,1850,2005,2120,2235",,"1035,1145,1255,1405,1515,1630,1745,1900,2015,2130,2245",,
ra_ay,룸즈에이 안양범계점,ra_ay1,띵가띵가 (안양),띵가띵가,60,"1인 22,000원","1320,1435,1550,1705,1820,1935,2050",,"1100,1210,1320,1435,1550,1705,1820,1935,2050,2205",,
ra_ay,룸즈에이 안양범계점,ra_ay2,뽀득뽀득 (안양),뽀득뽀득,60,"1인 22,000원","1310,1425,1540,1655,1810,1925,2040",,"1050,1200,1310,1425,1540,1655,1810,1925,2040,2155",,
ra_ay,룸즈에이 안양범계점,ra_ay3,커밍순 (안양),커밍순,60,"1인 22,000원","1330,1445,1600,1715,1830,1945,2100",,"1110,1220,1330,1445,1600,1715,1830,1945,2100,2215",,
ra_ui,룸즈에이 의정부점,ra_ui1,이상한 돈가스 (의정부),이상한 돈가스,60,"1인 22,000원","1100,1220,1340,1500,1620,1740,1900,2020,2140",,"1100,1210,1320,1435,1550,1705,1820,1935,2045,2155",,
ra_ui,룸즈에이 의정부점,ra_ui2,뽀득뽀득 (의정부),뽀득뽀득,60,"1인 22,000원","1105,1225,1345,1505,1625,1745,1905,2025,2145",,"1110,1220,1330,1445,1600,1715,1830,1945,2055,2205",,
ra_ui,룸즈에이 의정부점,ra_ui3,반짝반짝 (의정부),반짝반짝,60,"1인 22,000원","1110,1230,1350,1510,1630,1750,1910,2030,2150",,"1120,1230,1340,1455,1610,1725,1840,1955,2105,2215",,
ra_ui,룸즈에이 의정부점,ra_ui4,낭랑카페 (의정부),낭랑카페,60,"1인 22,000원","1115,1235,1355,1515,1635,1755,1915,2035,2155",,"1130,1240,1350,1505,1620,1735,1850,2005,2115,2225",,
ra_ui,룸즈에이 의정부점,ra_ui5,타임키퍼 (의정부),타임키퍼,60,"1인 22,000원","1120,1240,1400,1520,1640,1800,1920,2040,2200",,"1140,1250,1400,1515,1630,1745,1900,2015,2125,2235",,
ra_lf,룸즈에이 일산 라페스타점,ra_lf1,행방불냥 (일산),행방불냥,60,"1인 22,000원","1310,1420,1530,1640,1750,1900,2010,2120",,"1200,1310,1425,1540,1655,1810,1925,2040,2155",,
ra_lf,룸즈에이 일산 라페스타점,ra_lf2,낭랑카페 (일산),낭랑카페,60,"1인 22,000원","1310,1420,1530,1640,1750,1900,2010,2120",,"1200,1310,1425,1540,1655,1810,1925,2040,2155",,
ra_lf,룸즈에이 일산 라페스타점,ra_lf3,히어로 아카데미 (일산),히어로 아카데미,60,"1인 22,000원","1330,1440,1550,1700,1810,1920,2030,2140",,"1220,1330,1445,1600,1715,1830,1945,2100,2215",,
ra_lf,룸즈에이 일산 라페스타점,ra_lf4,안개꽃 (일산),안개꽃,60,"1인 22,000원","1330,1440,1550,1700,1810,1920,2030,2140",,"1220,1330,1445,1600,1715,1830,1945,2100,2215",,
ra_wd,룸즈에이 일산 웨스턴돔점,ra_wd1,뽀득뽀득 (일산),뽀득뽀득,60,"1인 22,000원","1300,1415,1530,1645,1800,1915,2030,2140",,"1240,1400,1520,1640,1800,1920,2040,2200",,
ra_wd,룸즈에이 일산 웨스턴돔점,ra_wd2,반짝반짝 (일산),반짝반짝,60,"1인 22,000원","1300,1415,1530,1645,1800,1915,2030,2140",,"1240,1400,1520,1640,1800,1920,2040,2200",,
ra_wd,룸즈에이 일산 웨스턴돔점,ra_wd3,시크릿 에이전트 (일산),시크릿에이전트,60,"1인 22,000원","1300,1415,1530,1645,1800,1915,2030,2140",,"1240,1400,1520,1640,1800,1920,2040,2200",,
ra_wd,룸즈에이 일산 웨스턴돔점,ra_wd4,이상한 돈가스 (일산),이상한 돈가스,60,"1인 22,000원","1300,1415,1530,1645,1800,1915,2030,2140",,"1240,1400,1520,1640,1800,1920,2040,2200",,
ra_wd,룸즈에이 일산 웨스턴돔점,ra_wd5,타임키퍼 (일산),타임키퍼,60,"1인 22,000원","1300,1415,1530,1645,1800,1915,2030,2140",,"1240,1400,1520,1640,1800,1920,2040,2200",,
ra_ph,룸즈에이 포항점,ra_ph1,낭랑카페 (포항),낭랑카페,60,"1인 22,000원","1405,1520,1635,1750,1905,2020",,"1250,1405,1520,1635,1750,1905,2020",,
ra_ph,룸즈에이 포항점,ra_ph2,너와 나의 이야기 (포항),너와 나의 이야기,60,"1인 22,000원","1405,1520,1635,1750,1905,2020",,"1250,1405,1520,1635,1750,1905,2020",,
ra_ph,룸즈에이 포항점,ra_ph3,안개꽃 (포항),안개꽃,60,"1인 22,000원","1400,1515,1630,1745,1900,2015",,"1245,1400,1515,1630,1745,1900,2015",,
ra_ph,룸즈에이 포항점,ra_ph4,시크릿 에이전트 (포항),시크릿 에이전트,60,"1인 22,000원","1400,1515,1630,1745,1900,2015",,"1245,1400,1515,1630,1745,1900,2015",,
rec_hd,리얼 이스케이프 첼린지,rec_hd1,셜록 : 교수의 비밀,셜록 : 교수의 비밀,60,"1인 23,000원","1120,1240,1400,1520,1640,1800,1920,2040,2200",,"1120,1240,1400,1520,1640,1800,1920,2040,2200",,
rec_hd,리얼 이스케이프 첼린지,rec_hd2,아르바이트 : 과학자의 속임수,아르바이트 : 과학자의 속임수,60,"1인 23,000원","1140,1300,1420,1540,1700,1820,1940,2100,2220",,"1140,1300,1420,1540,1700,1820,1940,2100,2220",,
rec_hd,리얼 이스케이프 첼린지,rec_hd3,큐피드 : 러브 첼린지,"큐피드 : 러브 첼린지,러브챌린지",60,"1인 23,000원","1140,1300,1420,1540,1700,1820,1940,2100,2220",,"1140,1300,1420,1540,1700,1820,1940,2100,2220",,
rec_hd,리얼 이스케이프 첼린지,rec_hd4,구미호 : 호령마을 미스테리,"구미호 : 호령마을 미스터리,호령마을미스터리",60,"1인 23,000원","1120,1240,1400,1520,1640,1800,1920,2040,2200",,"1120,1240,1400,1520,1640,1800,1920,2040,2200",,
rec_hd,리얼 이스케이프 첼린지,rec_hd5,로스트 : 그 남자의 경고,로스트 : 그 남자의 경고,60,"1인 23,000원","1200,1320,1440,1600,1720,1840,2000,2120,2240",,"1200,1320,1440,1600,1720,1840,2000,2120,2240",,
lk_wd,링크월드,lk_wd1,우당탕바그-햄버거타이쿤테마룸,우당탕바그,60,"1인 22,000원","1210,1335,1505,1635,1805,1935,2105",,"1210,1335,1505,1635,1805,1935,2105",,
lk_wd,링크월드,lk_wd2,사하라바자-사막상점테마룸,사하라바자,60,"1인 22,000원","1235,1405,1535,1705,1835,2005,2135",,"1235,1405,1535,1705,1835,2005,2135",,
lk_wd,링크월드,lk_wd3,곤충커키우기-귀여운곤충배틀,곤충커키우기,60,"1인 23,000원","1215,1340,1510,1640,1810,1940,2110",,"1215,1340,1510,1640,1810,1940,2110",,
lk_wd,링크월드,lk_wd4,아템전-레이싱테마룸,아템전,60,"1인 22,000원","1210,1330,1500,1630,1800,1930,2100",,"1210,1330,1500,1630,1800,1930,2100",,
lk_wd,링크월드,lk_wd5,웁스리페어-복불복레이싱테마룸,웁스리페어,60,"1인 22,000원","1230,1400,1530,1700,1830,2000,2130",,"1230,1400,1530,1700,1830,2000,2130",,
lk_wd,링크월드,lk_wd6,뿌성뿌성-성뿌시기테마룸,뿌성뿌성,60,"1인 23,000원","1245,1415,1545,1715,1845,2015,2145",,"1245,1415,1545,1715,1845,2015,2145",,
lk_wd,링크월드,lk_wd7,스틸에루사-보석쟁탈전테마룸,스틸에루사,60,"1인 22,000원","1255,1425,1555,1725,1855,2025,2155",,"1255,1425,1555,1725,1855,2025,2155",,
mk_kd,마스터키 건대점,mk_kd1,교생실습,교생실습,75,"1인 24,000원","1000,1130,1300,1430,1600,1730,1900,2030,2200,2330",,"1000,1130,1300,1430,1600,1730,1900,2030,2200,2330",,
mk_kd,마스터키 건대점,mk_kd2,D-DAY,"D-DAY,디데이",70,"1인 23,000원","1040,1205,1330,1455,1620,1745,1910,2035,2200,2325",,"1040,1205,1330,1455,1620,1745,1910,2035,2200,2325",,
mk_kd,마스터키 건대점,mk_kd3,DELIVER,"DELIVER,딜리버",60,"1인 22,000원","1050,1205,1320,1435,1550,1705,1820,1935,2050,2205,2320",,"1050,1205,1320,1435,1550,1705,1820,1935,2050,2205,2320",,
mk_dgd,마스터키 궁동직영점,mk_dgd1,MSI 미제사건 전담반 (대전),MSI미제사건전담반,60,"1인 22,000원","1240,1400,1520,1640,1800,1920,2040,2200,2320",,"1240,1400,1520,1640,1800,1920,2040,2200,2320",,
mk_dgd,마스터키 궁동직영점,mk_dgd2,재심,재심,60,"1인 22,000원","1230,1350,1510,1630,1750,1910,2030,2150,2310",,"1230,1350,1510,1630,1750,1910,2030,2150,2310",,
mk_dgd,마스터키 궁동직영점,mk_dgd3,MK빌딩을 털어라 : 45C6,"MK빌딩을털어라,45C6",60,"1인 22,000원","1250,1410,1530,1650,1810,1930,2050,2210,2330",,"1250,1410,1530,1650,1810,1930,2050,2210,2330",,
mk_dgd,마스터키 궁동직영점,mk_dgd4,블랙룸,블랙룸,60,"1인 22,000원","1210,1330,1450,1610,1730,1850,2010,2130,2250",,"1210,1330,1450,1610,1730,1850,2010,2130,2250",,
mk_dgd,마스터키 궁동직영점,mk_dgd5,화이트룸,화이트룸,60,"1인 22,000원","1220,1340,1500,1620,1740,1900,2020,2140,2300",,"1220,1340,1500,1620,1740,1900,2020,2140,2300",,
mk_ay,마스터키 안양점,mk_ay1,데자뷰,데자뷰,60,"1인 22,000원","1440,1600,1720,1840,2000,2120",,"1200,1320,1440,1600,1720,1840,2000,2120,2240",5,
mk_ay,마스터키 안양점,mk_ay2,운수좋은날,운수좋은날,60,"1인 22,000원","1450,1610,1730,1850,2010,2130",,"1210,1330,1450,1610,1730,1850,2010,2130",5,
mk_ay,마스터키 안양점,mk_ay3,우주대미남,우주대미남,60,"1인 22,000원","1500,1620,1740,1900,2020,2140",,"1220,1340,1500,1620,1740,1900,2020,2140",5,
mk_ay,마스터키 안양점,mk_ay4,사랑과전쟁,사랑과전쟁,60,"1인 22,000원","1430,1550,1710,1830,1950,2110",,"1150,1310,1430,1550,1710,1830,1950,2110,2230",5,
mk_ay,마스터키 안양점,mk_ay5,레드럼,레드럼,60,"1인 22,000원","1510,1630,1750,1910,2030,2150",,"1230,1350,1510,1630,1750,1910,2030,2150",5,
mk_deh,마스터키 은행직영점,mk_deh1,그레이트월,그레이트월,60,"1인 22,000원","1110,1230,1350,1510,1630,1750,1910,2030,2150",,"1110,1230,1350,1510,1630,1750,1910,2030,2150",,
mk_deh,마스터키 은행직영점,mk_deh2,편지,편지,60,"1인 22,000원","1120,1240,1400,1520,1640,1800,1920,2040,2200",,"1120,1240,1400,1520,1640,1800,1920,2040,2200",,
mk_deh,마스터키 은행직영점,mk_deh3,1990,1990,60,"1인 22,000원","1210,1330,1450,1610,1730,1850,2010,2130",,"1210,1330,1450,1610,1730,1850,2010,2130",,
mk_deh,마스터키 은행직영점,mk_deh4,대탈출2 (대전),대탈출2,60,"1인 22,000원","1100,1220,1340,1500,1620,1740,1900,2020,2140",,"1100,1220,1340,1500,1620,1740,1900,2020,2140",,
mk_deh,마스터키 은행직영점,mk_deh5,REC,REC,60,"1인 22,000원","1200,1320,1440,1600,1720,1840,2000,2120",,"1200,1320,1440,1600,1720,1840,2000,2120",,
mk_dt,마스터키프라임 동탄점,mk_dt1,우가우가,우가우가,60,"1인 22,000원","1030,1350,1510,1630,1750,1910,2030,2150,2310",,"1030,1350,1510,1630,1750,1910,2030,2150,2310",,
mk_dt,마스터키프라임 동탄점,mk_dt2,종이왕국,종이왕국,60,"1인 22,000원","1200,1320,1440,1600,1720,1840,2000,2120,2240",,"1200,1320,1440,1600,1720,1840,2000,2120,2240",,
mk_dt,마스터키프라임 동탄점,mk_dt3,페이소스,페이소스,60,"1인 22,000원","1210,1330,1450,1610,1730,1850,2010,2130,2250",,"1210,1330,1450,1610,1730,1850,2010,2130,2250",,
mk_dt,마스터키프라임 동탄점,mk_dt4,인스톨,인스톨,60,"1인 22,000원","1220,1340,1500,1620,1740,1900,2020,2140,2300",,"1220,1340,1500,1620,1740,1900,2020,2140,2300",,
mk_cj,마스터키프라임 청주점,mk_cj1,환생시험,환생시험,60,"1인 22,000원","1320,1440,1600,1720,1840,2000,2120",,"1200,1320,1440,1600,1720,1840,2000,2120",,
mk_cj,마스터키프라임 청주점,mk_cj2,#VOICE_샵보이스 (청주),"샵보이스,#VOICE",60,"1인 22,000원","1320,1440,1600,1720,1840,2000,2120",,"1200,1320,1440,1600,1720,1840,2000,2120",,
mk_cj,마스터키프라임 청주점,mk_cj3,자수성가,자수성가,60,"1인 22,000원","1330,1450,1610,1730,1850,2010,2130",,"1210,1330,1450,1610,1730,1850,2010,2130",,
mk_cj,마스터키프라임 청주점,mk_cj4,방과후 13교시,방과후13교시,60,"1인 22,000원","1340,1500,1620,1740,1900,2020,2140",,"1220,1340,1500,1620,1740,1900,2020,2140",,
mk_cj,마스터키프라임 청주점,mk_cj5,이상한나라,이상한나라,60,"1인 22,000원","1330,1450,1610,1730,1850,2010,2130",,"1210,1330,1450,1610,1730,1850,2010,2130",,
mk_hj,마스터키프라임 화정점,mk_hj1,시간여행자,시간여행자,70,"1인 25,000원","1500,1630,1800,1930,2100,2230",,"1200,1330,1500,1630,1800,1930,2100,2230",,
mk_hj,마스터키프라임 화정점,mk_hj2,현월,현월,60,"1인 22,000원","1450,1610,1730,1850,2010,2130,2250",,"1210,1330,1450,1610,1730,1850,2010,2130,2250",,
mk_hj,마스터키프라임 화정점,mk_hj3,헬프미,헬프미,60,"1인 22,000원","1440,1600,1720,1840,2000,2120,2240",,"1200,1320,1440,1600,1720,1840,2000,2120,2240",,
mk_hj,마스터키프라임 화정점,mk_hj4,싸움의기술 : ZERO,"싸움의기술,ZERO,제로",60,"1인 22,000원","1500,1620,1740,1900,2020,2140,2300",,"1220,1340,1500,1620,1740,1900,2020,2140,2300",,
mk_hj,마스터키프라임 화정점,mk_hj5,B지하철 13호선,B지하철13호선,70,"1인 25,000원","1510,1640,1810,1940,2110,2240",,"1210,1340,1510,1640,1810,1940,2110,2240",,
mk_hj,마스터키프라임 화정점,mk_hj6,묘몽,묘몽,60,"1인 22,000원","1430,1550,1710,1830,1950,2110,2230",,"1150,1310,1430,1550,1710,1830,1950,2110,2230",,
mpw_js,머더파커 WOW 잠실점,mpw_js1,난 그저 여행만 했을 뿐인데..,난 그저 여행만 했을 뿐인데..,70,"1인 28,000원","1020,1140,1305,1430,1555,1720,1845,2010,2135,2255",,"1020,1140,1305,1430,1555,1720,1845,2010,2135,2255",,
mpw_js,머더파커 WOW 잠실점,mpw_js2,G.A.S.A.,"G.A.S.A.,가사",70,"1인 28,000원","1025,1145,1310,1435,1600,1725,1850,2015,2140,2300",,"1025,1145,1310,1435,1600,1725,1850,2015,2140,2300",,
mpw_js,머더파커 WOW 잠실점,mpw_js3,파커랜드,파커랜드,70,"1인 28,000원","1035,1155,1320,1445,1610,1735,1900,2025,2150,2305",,"1035,1155,1320,1445,1610,1735,1900,2025,2150,2305",,
mpw_js,머더파커 WOW 잠실점,mpw_js4,아틀라스_ATLAS,"아틀라스,ATLAS",70,"1인 28,000원","1040,1200,1325,1450,1615,1740,1905,2030,2155,2310",,"1040,1200,1325,1450,1615,1740,1905,2030,2155,2310",,
mpw_hd,머더파커 WOW 홍대점,mpw_hd1,홈그라운드_Home Ground,"홈그라운드,Home Ground",60,"1인 25,000원","1100,1215,1330,1445,1600,1715,1830,1945,2100",,"1100,1215,1330,1445,1600,1715,1830,1945,2100",,
mpw_hd,머더파커 WOW 홍대점,mpw_hd2,선택받은 자,선택받은 자,60,"1인 25,000원","1110,1225,1340,1455,1610,1725,1840,1955,2110",,"1110,1225,1340,1455,1610,1725,1840,1955,2110",,
mpw_hd,머더파커 WOW 홍대점,mpw_hd3,하_HA,"하,HA",60,"1인 25,000원","1120,1235,1350,1505,1620,1735,1850,2005,2120",,"1120,1235,1350,1505,1620,1735,1850,2005,2120",,
mp_kd1,머더파커 건대1호점,mp_kd1_1,음대출신 김수학,음대출신 김수학,60,"1인 22,000원","1345,1500,1615,1730,1845,2000,2115",,"1115,1230,1345,1500,1615,1730,1845,2000,2115,2230",,
mp_kd1,머더파커 건대1호점,mp_kd1_2,파커4,파커4,80,"1인 27,000원","1430,1605,1740,1915,2050",,"1120,1255,1430,1605,1740,1915,2050,2225",,
mp_kd1,머더파커 건대1호점,mp_kd1_3,우리 꼰대 진분홍,우리 꼰대 진분홍,60,"1인 22,000원","1245,1400,1515,1630,1745,1900,2015,2130",,"1130,1245,1400,1515,1630,1745,1900,2015,2130,2240",,
mp_kd1,머더파커 건대1호점,mp_kd1_4,여행,여행,70,"1인 25,000원","1235,1400,1525,1650,1815,1940,2105",,"1110,1235,1400,1525,1650,1815,1940,2105,2230",,
mp_kd1,머더파커 건대1호점,mp_kd1_5,꽁노리,꽁노리,60,"1인 22,000원","1240,1355,1510,1625,1740,1855,2010,2125",,"1125,1240,1355,1510,1625,1740,1855,2010,2125,2235",,
mp_kd1,머더파커 건대1호점,mp_kd1_6,어은꿈이진루다,어은꿈이진루다,60,"1인 22,000원","1240,1355,1510,1625,1740,1855,2010,2125",,"1125,1240,1355,1510,1625,1740,1855,2010,2125,2235",,
mp_gj,머더파커 광주점,mp_gj1,파커투,파커투,60,"1인 22,000원","1210,1320,1430,1540,1650,1800,1910,2020,2130,2235",,"1210,1320,1430,1540,1650,1800,1910,2020,2130,2235",,
mp_gj,머더파커 광주점,mp_gj2,머더파커 광주점의 비밀,머더파커 광주점의 비밀,60,"1인 22,000원","1220,1330,1440,1550,1700,1810,1920,2030,2140,2245",,"1220,1330,1440,1550,1700,1810,1920,2030,2140,2245",,
mp_gj,머더파커 광주점,mp_gj3,선물,선물,60,"1인 22,000원","1225,1335,1445,1555,1705,1815,1925,2035,2145,2250",,"1225,1335,1445,1555,1705,1815,1925,2035,2145,2250",,
mp_gj,머더파커 광주점,mp_gj4,포수 장덕팔,포수 장덕팔,60,"1인 22,000원","1230,1340,1450,1600,1710,1820,1930,2040,2150,2250",,"1230,1340,1450,1600,1710,1820,1930,2040,2150,2250",,
mp_gj,머더파커 광주점,mp_gj5,한림축산,한림축산,60,"1인 22,000원","1205,1315,1425,1535,1645,1755,1905,2015,2125,2235",,"1205,1315,1425,1535,1645,1755,1905,2015,2125,2235",,
mp_tg1,머더파커 대구1호점,mp_tg1_1,PC방 가는길,PC방 가는길,70,"1인 25,000원","1300,1425,1550,1715,1840,2005,2130",,"1300,1425,1550,1715,1840,2005,2130",,
mp_tg1,머더파커 대구1호점,mp_tg1_2,괴짜중딩 사차원,괴짜중딩 사차원,60,"1인 22,500원","1300,1415,1530,1645,1800,1915,2035,2145",,"1300,1415,1530,1645,1800,1915,2035,2145",,
mp_tg1,머더파커 대구1호점,mp_tg1_3,백,백,60,"1인 22,500원","1310,1420,1540,1650,1800,1910,2020,2140",,"1310,1420,1540,1650,1800,1910,2020,2140",,
mp_tg1,머더파커 대구1호점,mp_tg1_4,파커vs파커,"파커vs파커,파커대파커",70,"1인 25,000원","1300,1425,1550,1715,1840,2005,2130",,"1300,1425,1550,1715,1840,2005,2130",,
mp_tg1,머더파커 대구1호점,mp_tg1_5,8585세탁소,8585세탁소,60,"1인 22,500원","1310,1420,1540,1655,1805,1915,2030,2150",,"1310,1420,1540,1655,1805,1915,2030,2150",,
mp_tg2,머더파커 대구2호점,mp_tg2_1,도레미용실,도레미용실,60,"1인 22,500원","1310,1420,1530,1640,1750,1900,2020,2130",,"1310,1420,1530,1640,1750,1900,2020,2130",,
mp_tg2,머더파커 대구2호점,mp_tg2_2,전국일이삼,전국일이삼,60,"1인 22,500원","1300,1415,1530,1645,1800,1915,2035,2145",,"1300,1415,1530,1645,1800,1915,2035,2145",,
mp_tg2,머더파커 대구2호점,mp_tg2_3,타겟_Target,"타겟,Target",70,"1인 25,000원","1300,1425,1550,1715,1840,2005,2130",,"1300,1425,1550,1715,1840,2005,2130",,
mp_tg2,머더파커 대구2호점,mp_tg2_4,사건의 재구성,사건의 재구성,70,"1인 25,000원","1305,1430,1555,1720,1845,2010,2135",,"1305,1430,1555,1720,1845,2010,2135",,
mp_bs,머더파커 부산점,mp_bs1,레디_Ready,"레디,Ready",70,"1인 26,000원","1100,1225,1350,1515,1640,1805,1930,2055,2220",,"1000,1125,1250,1415,1540,1705,1830,1955,2120,2245",,
mp_bs,머더파커 부산점,mp_bs2,도굴왕,도굴왕,70,"1인 28,000원","1110,1235,1400,1525,1650,1815,1940,2105,2230",,"1010,1135,1300,1425,1550,1715,1840,2005,2130,2255",,
mp_bs,머더파커 부산점,mp_bs3,액션_Action,"액션,Action",70,"1인 26,000원","1120,1245,1410,1535,1700,1825,1950,2115,2240",,"1020,1145,1310,1435,1600,1725,1850,2015,2140,2305",,
mp_bs,머더파커 부산점,mp_bs4,사라진 보물2056,사라진 보물2056,70,"1인 26,000원","1130,1255,1420,1545,1710,1835,2000,2125,2250",,"1030,1155,1320,1445,1610,1735,1900,2025,2150,2315",,
mp_bs,머더파커 부산점,mp_bs5,잭_JACK,"잭,JACK",70,"1인 28,000원","1140,1305,1430,1555,1720,1845,2010,2135,2300",,"1040,1205,1330,1455,1620,1745,1910,2035,2200,2325",,
mp_ys,머더파커 양산점,mp_ys1,머더파커 분노의 살인 (양산),머더파커 분노의 살인,60,"1인 19,000원","1425,1535,1645,1755,1905,2015,2125",,"1225,1335,1445,1600,1715,1830,1945,2055,2205",,
mp_ys,머더파커 양산점,mp_ys2,엘리스 사라진 아이,엘리스 사라진 아이,60,"1인 19,000원","1420,1530,1640,1750,1900,2010,2120",,"1220,1330,1440,1555,1710,1825,1940,2050,2200",,
mp_ys,머더파커 양산점,mp_ys3,유코사스미 치밀한 복수,유코사스미 치밀한 복수,60,"1인 19,000원","1415,1525,1635,1745,1855,2005,2115",,"1215,1325,1435,1550,1705,1820,1935,2045,2155",,
mp_ys,머더파커 양산점,mp_ys4,오씨네 장난감 가게,오씨네 장난감 가게,60,"1인 19,000원","1410,1520,1630,1740,1850,2000,2110",,"1210,1320,1430,1545,1700,1815,1930,2040,2150",,
mp_ys,머더파커 양산점,mp_ys5,언타이틀_Untitle,언타이틀_Untitle,60,"1인 19,000원","1425,1535,1645,1755,1905,2015,2125",,"1225,1335,1445,1600,1715,1830,1945,2055,2205",,
mp_is,머더파커 익산점,mp_is1,파커 : 끝없는 이야기,파커 : 끝없는 이야기,70,"1인 24,000원","1200,1325,1450,1615,1740,1905,2030",,"1000,1125,1250,1415,1540,1705,1830,1955,2120",,
mp_is,머더파커 익산점,mp_is2,전기 : 사라진 아이들,전기 : 사라진 아이들,70,"1인 24,000원","1210,1335,1500,1625,1750,1915,2040",,"1010,1135,1300,1425,1550,1715,1840,2005,2130",,
mp_is,머더파커 익산점,mp_is3,5DH GAME,5DH GAME,70,"1인 24,000원","1220,1345,1510,1635,1800,1925,2050",,"1020,1145,1310,1435,1600,1725,1850,2015,2140",,
mp_is,머더파커 익산점,mp_is4,심신무역,심신무역,70,"1인 24,000원","1230,1355,1520,1645,1810,1935,2100",,"1030,1155,1320,1445,1610,1735,1900,2025,2150",,
mp_js,머더파커 잠실점,mp_js1,집으로 가자 야호!,집으로 가자 야호!,70,"1인 26,000원","1100,1225,1350,1515,1640,1805,1930,2055,2220",,"1100,1225,1350,1515,1640,1805,1930,2055,2220",,
mp_js,머더파커 잠실점,mp_js2,두목 이스케이프,두목 이스케이프,70,"1인 26,000원","1110,1235,1400,1525,1650,1815,1940,2105,2230",,"1110,1235,1400,1525,1650,1815,1940,2105,2230",,
mp_js,머더파커 잠실점,mp_js3,정육각형,정육각형,70,"1인 26,000원","1125,1245,1410,1535,1700,1825,1950,2115,2230",,"1125,1245,1410,1535,1700,1825,1950,2115,2230",,
mp_jj1,머더파커 전주1호점,mp_jj1_1,머더파커 분노의 살인 (전주),머더파커 분노의 살인,60,"1인 13,000원","1320,1440,1600,1720,1840,2000,2120",,"1200,1320,1440,1600,1720,1840,2000,2120",,
mp_jj1,머더파커 전주1호점,mp_jj1_2,내 이름 지배만,내 이름 지배만,60,"1인 13,000원","1340,1500,1620,1740,1900,2020,2140",,"1220,1340,1500,1620,1740,1900,2020,2140",,
mp_jj1,머더파커 전주1호점,mp_jj1_3,일주_ONE WEEK,"일주,ONE WEEK",60,"1인 16,000원","1400,1520,1640,1800,1920,2040,2200",,"1240,1400,1520,1640,1800,1920,2040,2200",,
mp_jj2,머더파커 전주2호점 어드벤처,mp_jj2_1,스모커,스모커,90,"1인 22,000원","1300,1445,1625,1815,2000,2145",,"1300,1445,1625,1815,2000,2145",,
mp_jj2,머더파커 전주2호점 어드벤처,mp_jj2_2,NEW 토니파커 숨겨진 과거,NEW 토니파커 숨겨진 과거,75,"1인 20,000원","1330,1500,1630,1810,1945,2115",,"1200,1330,1500,1630,1810,1945,2115",,
mp_jj2,머더파커 전주2호점 어드벤처,mp_jj2_3,목격자들,목격자들,70,"1인 20,000원","1340,1525,1655,1825,1950,2130",,"1220,1350,1525,1655,1825,1950,2130",,
mp_jj2,머더파커 전주2호점 어드벤처,mp_jj2_4,인턴사원의 크리스마스 생존기,인턴사원의 크리스마스 생존기,60,"1인 16,000원","1400,1520,1640,1800,1920,2040,2200",,"1240,1400,1520,1640,1800,1920,2040,2200",,
mp_jj3,머더파커 전주3호점 E.T,mp_jj3_1,제임스 완벽한 도피,제임스 완벽한 도피,60,"1인 20,000원","1240,1350,1505,1620,1735,1850,2005,2120,2230",,"1240,1350,1505,1620,1735,1850,2005,2120,2230",,
mp_jj3,머더파커 전주3호점 E.T,mp_jj3_2,박엠마 엄마의 향기,박엠마 엄마의 향기,60,"1인 20,000원","1230,1340,1455,1610,1725,1840,1955,2110,2220",,"1230,1340,1455,1610,1725,1840,1955,2110,2220",,
mp_jj3,머더파커 전주3호점 E.T,mp_jj3_3,김파커 끝없는 복수,김파커 끝없는 복수,60,"1인 20,000원","1250,1405,1520,1635,1750,1905,2020,2135,2245",,"1250,1405,1520,1635,1750,1905,2020,2135,2245",,
mp_jj3,머더파커 전주3호점 E.T,mp_jj3_4,박마담의 비밀 클럽,박마담의 비밀 클럽,60,"1인 20,000원","1230,1340,1455,1610,1725,1840,1955,2110,2220",,"1230,1340,1455,1610,1725,1840,1955,2110,2220",,
mp_jj3,머더파커 전주3호점 E.T,mp_jj3_5,전당포 불편한 거래,전당포 불편한 거래,60,"1인 20,000원","1240,1350,1505,1620,1735,1850,2005,2120,2230",,"1240,1350,1505,1620,1735,1850,2005,2120,2230",,
mp_hd1,머더파커 홍대1호점,mp_hd1_1,구둣방손님,구둣방손님,60,"1인 22,000원","1115,1230,1345,1500,1615,1730,1845,2000,2115",,"1115,1230,1345,1500,1615,1730,1845,2000,2115",,
mp_hd1,머더파커 홍대1호점,mp_hd1_2,밴드의 탄생,"밴드의 탄생,밴탄",60,"1인 22,000원","1110,1225,1340,1455,1610,1725,1840,1955,2110",,"1110,1225,1340,1455,1610,1725,1840,1955,2110",,
mp_hd1,머더파커 홍대1호점,mp_hd1_3,주마등,주마등,60,"1인 22,000원","1105,1220,1335,1450,1605,1720,1835,1950,2105",,"1105,1220,1335,1450,1605,1720,1835,1950,2105",,
mp_hd1,머더파커 홍대1호점,mp_hd1_4,칠칠77,칠칠77,70,"1인 25,000원","1120,1245,1410,1535,1700,1825,1950,2115",,"1120,1245,1410,1535,1700,1825,1950,2115",,
mp_hd1,머더파커 홍대1호점,mp_hd1_5,엠M,엠M,70,"1인 22,000원 (1~2인)","1110,1235,1400,1525,1650,1815,1940,2105",,"1110,1235,1400,1525,1650,1815,1940,2105",,
mt_sw,메타이스케이프,mt_sw1,Mujeogang_무저갱 : 사라진 사람들,"무저갱,사라진사람들",90,"1인 31,000원","0955,1145,1335,1525,1715,1905,2055",,"0955,1145,1335,1525,1715,1905,2055",,
mt_sw,메타이스케이프,mt_sw2,Everdrea_에버드림,"에버드림,EVERDREAM",75,"1인 27,000원","1005,1140,1315,1450,1625,1800,1935,2110",,"1005,1140,1315,1450,1625,1800,1935,2110",,
mt_sw,메타이스케이프,mt_sw3,"To, Z_투제트","ToZ,투제트",60,"1인 22,000원","1015,1130,1245,1400,1515,1630,1745,1900,2015,2130",,"1015,1130,1245,1400,1515,1630,1745,1900,2015,2130",,
mt_sw,메타이스케이프,mt_sw4,Arcade man_아케이드 맨,아케이드맨,70,"1인 25,000원","1000,1130,1300,1430,1600,1730,1900,2030,2200",,"1000,1130,1300,1430,1600,1730,1900,2030,2200",,
mrj_kn,명란젓코난,mrj_kn1,내 월급을 찾아라!,내 월급을 찾아라!,60,"1인 15,000원","1350,1500,1610,1720,1830,1940",,"1240,1350,1500,1610,1720,1830,1940,2050",,
mrj_kn,명란젓코난,mrj_kn2,마녀의 레시피,마녀의 레시피,60,"1인 20,000원","1400,1510,1620,1730,1840,1950",,"1250,1400,1510,1620,1730,1840,1950,2100",,
mrj_kn,명란젓코난,mrj_kn3,수상한 상점,수상한 상점,60,"1인 20,000원","1410,1520,1630,1740,1850,2000",,"1300,1410,1520,1630,1740,1850,2000,2110",,
mrj_kn,명란젓코난,mrj_kn4,폐쇄병동,폐쇄병동,60,"1인 20,000원","1420,1530,1640,1750,1900,2010",,"1310,1420,1530,1640,1750,1900,2010,2120",,
mrj_kn,명란젓코난,mrj_kn5,꿈속의 방,꿈속의 방,60,"1인 15,000원","1430,1540,1650,1800,1910,2020",,"1320,1430,1540,1650,1800,1910,2020,2130",,
my_dam,미스터리 담,my_dam1,백석담,백석담,135,"1팀 평일 200,000원 / 주말 240,000원 (최대 5인)","1045,1300,1515,1730,1945",,"1045,1300,1515,1730,1945",,
mre_gn,미스터리 룸 이스케이프 강남점,mre_gn1,인형괴담 (강남),"인형괴담,강인괴",60,"1인 22,500원","1030,1150,1310,1430,1550,1710,1830,1950,2110,2230",,"1030,1150,1310,1430,1550,1710,1830,1950,2110,2230",,
mre_gn,미스터리 룸 이스케이프 강남점,mre_gn2,개인병원의 비밀,개인병원의 비밀,60,"1인 22,500원","1030,1150,1310,1430,1550,1710,1830,1950,2110,2230",,"1030,1150,1310,1430,1550,1710,1830,1950,2110,2230",,
mre_gn,미스터리 룸 이스케이프 강남점,mre_gn3,영혼의 편지,영혼의 편지,60,"1인 22,500원","1045,1205,1325,1445,1605,1725,1845,2005,2125,2245",,"1045,1205,1325,1445,1605,1725,1845,2005,2125,2245",,
mre_gn,미스터리 룸 이스케이프 강남점,mre_gn4,소서러,소서러,60,"1인 22,500원","1100,1220,1340,1500,1620,1740,1900,2020,2140,2300",,"1100,1220,1340,1500,1620,1740,1900,2020,2140,2300",,
mre_gn,미스터리 룸 이스케이프 강남점,mre_gn5,사라진 왕관,사라진 왕관,60,"1인 22,500원","1100,1220,1340,1500,1620,1740,1900,2020,2140,2300",,"1100,1220,1340,1500,1620,1740,1900,2020,2140,2300",,
mre_hd2,미스터리 룸 이스케이프 홍대2호점,mre_hd2_1,쇼생크탈출,쇼생크탈출,60,"1인 22,500원","1120,1235,1350,1505,1620,1735,1850,2005,2120,2235",,"1120,1235,1350,1505,1620,1735,1850,2005,2120,2235",,
mre_hd2,미스터리 룸 이스케이프 홍대2호점,mre_hd2_2,스파이게임1945,스파이게임1945,60,"1인 22,500원","1120,1235,1350,1505,1620,1735,1850,2005,2120,2235",,"1120,1235,1350,1505,1620,1735,1850,2005,2120,2235",,
mre_hd2,미스터리 룸 이스케이프 홍대2호점,mre_hd2_3,THE BOOK - 소설책 속 남자,"THE BOOK - 소설책 속 남자,더북",60,"1인 22,500원","1140,1300,1420,1540,1700,1820,1940,2100,2220",,"1140,1300,1420,1540,1700,1820,1940,2100,2220",,
mre_hd2,미스터리 룸 이스케이프 홍대2호점,mre_hd2_4,쏘우 - 0KG,쏘우 - 0KG,60,"1인 25,000원","1140,1300,1420,1540,1700,1820,1940,2100,2220",,"1140,1300,1420,1540,1700,1820,1940,2100,2220",,
esc_hus,방탈출 이스케이프 하우스,esc_hus1,살인호텔,살인호텔,60,"1인 22,500원","1300,1420,1540,1700,1820,1940,2100",,"1300,1420,1540,1700,1820,1940,2100",,
esc_hus,방탈출 이스케이프 하우스,esc_hus2,임파서블,임파서블,60,"1인 22,500원","1200,1320,1440,1600,1720,1840,2000",,"1200,1320,1440,1600,1720,1840,2000",,
esc_hus,방탈출 이스케이프 하우스,esc_hus3,미드나이트,미드나이트,60,"1인 22,500원","1220,1340,1500,1620,1740,1900,2020",,"1220,1340,1500,1620,1740,1900,2020",,
esc_hus,방탈출 이스케이프 하우스,esc_hus4,사라진목소리,사라진목소리,60,"1인 22,500원","1240,1400,1520,1640,1800,1920,2040",,"1240,1400,1520,1640,1800,1920,2040",,
esc_hus,방탈출 이스케이프 하우스,esc_hus5,3인의 저주,3인의 저주,60,"1인 22,500원","1240,1400,1520,1640,1800,1920,2040",,"1240,1400,1520,1640,1800,1920,2040",,
csh_gn,방탈출 초상화,csh_gn1,HIRAETH,"HIRAETH,히라이스",60,"1인 24,000원","1250,1410,1520,1635,1750,1905,2020,2135,2250",,"1020,1135,1250,1410,1520,1635,1750,1905,2020,2135,2250",,
csh_gn,방탈출 초상화,csh_gn2,LES PORTRAIT,"LES PORTRAIT,레포르트레,레포,레뽀,거미여인",75,"1인 27,000원","1315,1450,1625,1800,1930,2100,2230",,"1010,1145,1315,1450,1625,1800,1930,2100,2230",,
es_rbh,방탈출 토끼굴,es_rbh1,두껍아 두껍아 헌집줄게 새집다오,"두껍아두껍아헌집줄게새집다오,두꺼비",75,"1인 28,000원","1300,1440,1620,1800,1940,2120",,"1130,1300,1430,1600,1730,1900,2030,2200",,
d_doo,"방탈출, 둡두",d_doo1,"The last episode : 마지막 화(話,禍)","The last episode,라스트에피소드,마지막화",60,"1인 24,000원","1120,1230,1340,1450,1600,1710,1820,1930,2040,2150",,"1120,1230,1340,1450,1600,1710,1820,1930,2040,2150",,
d_doo,"방탈출, 둡두",d_doo2,카르마 [Karma],"카르마,KARMA",50,"1인 24,000원","1200,1300,1400,1500,1600,1700,1800,1900,2000,2100,2200",,"1200,1300,1400,1500,1600,1700,1800,1900,2000,2100,2200",,
d_doo,"방탈출, 둡두",d_doo3,"행복을 드림니다,",행복을드림니다,50,"1인 24,000원","1130,1230,1330,1430,1530,1630,1730,1830,1930,2030,2130,2230",,"1130,1230,1330,1430,1530,1630,1730,1830,1930,2030,2130,2230",,
d_doo,"방탈출, 둡두",d_doo4,둡두의 정석,둡두의정석,60,"1인 22,000원","1110,1220,1330,1440,1550,1700,1810,1920,2030,2140",,"1110,1220,1330,1440,1550,1700,1810,1920,2030,2140",,
d_doo,"방탈출, 둡두",d_doo5,노이즈 / NOISE,"노이즈,NOISE",60,"1인 24,000원","1140,1250,1400,1510,1620,1730,1840,1950,2100,2210",,"1140,1250,1400,1510,1620,1730,1840,1950,2100,2210",,
d_doo,"방탈출, 둡두",d_doo6,아이디어_IDEA,"아이디어,idea",60,"1인 24,000원","1150,1300,1410,1520,1630,1740,1850,2000,2110,2220",,"1150,1300,1410,1520,1630,1740,1850,2000,2110,2220",,
mi_ro,방탈출미로,mi_ro1,PINO_피노,PINO_피노,60,"1인 24,000원","1400,1520,1640,1800,1920,2040,2200",,"1220,1340,1500,1620,1740,1900,2020,2140,2250",5,
mi_ro,방탈출미로,mi_ro2,무속인 살인사건 (연신내),무속인 살인사건,60,"1인 22,000원","1350,1500,1610,1720,1830,1940,2050,2200",,"1220,1330,1440,1550,1700,1810,1920,2030,2140,2250",5,
mi_ro,방탈출미로,mi_ro3,호텔 : 사라진 다이아몬드 (연신내),호텔 : 사라진 다이아몬드,60,"1인 22,000원","1340,1450,1600,1710,1820,1930,2040,2150",,"1230,1340,1450,1600,1710,1820,1930,2040,2150,2300",5,
mi_ro,방탈출미로,mi_ro4,프로젝트 : 노아 (연신내),프로젝트 : 노아,60,"1인 22,000원","1410,1520,1630,1740,1850,2000,2110,2220",,"1240,1350,1500,1610,1720,1830,1940,2050,2200",5,
mi_ro,방탈출미로,mi_ro5,연 : 그날의 기억,연 : 그날의 기억,75,"1인 14,000원","1400,1440,1520,1700,1740,1820,1910",,"1240,1400,1440,1520,1700,1740,1820,1910",5,
bs_td,버스티드,bs_td1,그림도 찾아주나요?,그림도찾아주나요?,60,"1인 22,000원","1240,1400,1520,1640,1810,1930,2100,2220",,"1110,1225,1340,1455,1610,1725,1840,1955,2105,2220",,
bs_td,버스티드,bs_td2,THE END,"THE END,디엔드",60,"1인 22,000원","1215,1335,1455,1620,1735,1900,2020,2145",,"1030,1145,1300,1415,1530,1645,1800,1915,2030,2145",,
bs_td,버스티드,bs_td3,경성 (부천),경성,70,"1인 22,000원","1220,1355,1535,1710,1845,2020,2155",,"1045,1215,1350,1525,1700,1835,2005,2135",,
bs_td,버스티드,bs_td4,탐정B : 브레인헌터의 진실,"탐정B,브레인헌터의진실",80,"1인 24,000원","1255,1445,1630,1820,2005,2150",,"1055,1235,1415,1555,1735,1915,2100",,
bs_td,버스티드,bs_td5,러브러브 퀴즈 동아리,"러브러브퀴즈동아리,러퀴동,러러퀴",90,"1인 26,000원","1215,1400,1545,1735,1925,2120",,"1020,1210,1400,1555,1750,1940,2140",,
bo_hd,브레이크아웃 이스케이프 홍대점,bo_hd1,호커스1 - 마술사의 방,호커스1 - 마술사의 방,60,"1인 24,000원","1320,1450,1610,1730,1850,2010,2130,2250",,"1100,1230,1400,1530,1700,1820,1940,2100,2220",,
bo_hd,브레이크아웃 이스케이프 홍대점,bo_hd2,호커스2 - 비밀의 방,호커스2 - 비밀의 방,60,"1인 24,000원","1250,1420,1340,1700,1820,1940,2100,2220",,"1030,1200,1330,1500,1630,1750,1910,1830,2150",,
bo_hd,브레이크아웃 이스케이프 홍대점,bo_hd3,수상한 한의원,수상한 한의원,60,"1인 24,000원","1320,1450,1610,1730,1850,2010,2130,2250",,"1100,1230,1400,1530,1700,1820,1940,2100,2220",,
bo_hd,브레이크아웃 이스케이프 홍대점,bo_hd4,최후의 낙원,최후의 낙원,60,"1인 24,000원","1320,1450,1610,1730,1850,2010,2130,2250",,"1100,1230,1400,1530,1700,1820,1940,2100,2220",,
bo_hd,브레이크아웃 이스케이프 홍대점,bo_hd5,서리브럼,서리브럼,60,"1인 24,000원","1250,1420,1340,1700,1820,1940,2100,2220",,"1030,1200,1330,1500,1630,1750,1910,1830,2150",,
sfr_hd,비밀의 숲 홍대점,sfr_hd1,어비스,어비스,75,"1인 26,000원","1320,1505,1650,1835,2020,2205",,"1210,1350,1530,1710,1850,2030,2210",5,
sfr_hd,비밀의 숲 홍대점,sfr_hd2,드림레일,드림레일,70,"1인 26,000원","1330,1500,1630,1800,1930,2100,2230",,"1155,1330,1505,1640,1815,1950,2125,2240",5,
sfr_hd,비밀의 숲 홍대점,sfr_hd3,OVERKILL,"OVERKILL,오버킬",60,"1인 23,000원","1325,1450,1610,1730,1850,2010,2130,2250",,"1200,1325,1450,1615,1740,1920,2100,2250",5,
sfr_hd,비밀의 숲 홍대점,sfr_hd4,BESTSELLER,"BESTSELLER,베스트셀러",75,"1인 26,000원","1340,1520,1700,1845,2030,2210",,"1220,1400,1540,1720,1900,2040,2220",5,
sfr_hd,비밀의 숲 홍대점,sfr_hd5,리플레이,리플레이,80,"1인 18,000원","1315,1400,1500,1600,1740,1830,1920",,"1150,1310,1420,1500,1610,1700,1750,1920",5,
sg_kd,비밀의 화원 건대점,sg_kd1,안녕,안녕,60,"1인 22,000원","1230,1345,1500,1615,1730,1845,2000,2115,2230",,"1230,1345,1500,1615,1730,1845,2000,2115,2230",,
sg_kd,비밀의 화원 건대점,sg_kd2,우리의 전 사랑,우리의 전 사랑,60,"1인 22,000원","1245,1400,1515,1630,1745,1900,2015,2130,2245",,"1245,1400,1515,1630,1745,1900,2015,2130,2245",,
sg_kd,비밀의 화원 건대점,sg_kd3,비밀의 선물,비밀의 선물,60,"1인 22,000원","1245,1400,1515,1630,1745,1900,2015,2130,2245",,"1245,1400,1515,1630,1745,1900,2015,2130,2245",,
sg_kd,비밀의 화원 건대점,sg_kd4,레드림 컴퍼니,레드림 컴퍼니,60,"1인 22,000원","1300,1415,1530,1645,1800,1915,2030,2145,2300",,"1300,1415,1530,1645,1800,1915,2030,2145,2300",,
sg_kd,비밀의 화원 건대점,sg_kd5,우끼끼,우끼끼,60,"1인 22,000원","1200,1315,1430,1545,1700,1815,1930,2045,2200,2315",,"1200,1315,1430,1545,1700,1815,1930,2045,2200,2315",,
sg_kd,비밀의 화원 건대점,sg_kd6,핑크슈즈,핑크슈즈,60,"1인 22,000원","1240,1400,1520,1640,1800,1920,2040,2200,2320",,"1240,1400,1520,1640,1800,1920,2040,2200,2320",,
sg_gj,비밀의 화원 광주점,sg_gj1,무고,무고,75,"1인 25,000원","1310,1450,1630,1810,1950,2130",,"1130,1310,1450,1630,1810,1950,2130,2310",,
sg_gj,비밀의 화원 광주점,sg_gj2,리비도,리비도,75,"1인 25,000원","1330,1510,1650,1830,2010,2150",,"1150,1330,1510,1650,1830,2010,2150,2330",,
sg_gj,비밀의 화원 광주점,sg_gj3,스토커,스토커,60,"1인 22,000원","1255,1415,1535,1655,1815,1935,2055,2215",,"1135,1255,1415,1535,1655,1815,1935,2055,2215,2335",,
sg_gj,비밀의 화원 광주점,sg_gj4,새벽 베이커리,새벽 베이커리,60,"1인 22,000원","1235,1355,1515,1635,1755,1915,2035,2155",,"1115,1235,1355,1515,1635,1755,1915,2035,2155,2315",,
sg_gj,비밀의 화원 광주점,sg_gj5,비밀의 가족,"비밀의 가족,비가",75,"1인 25,000원","1250,1430,1610,1750,1930,2110",,"1110,1250,1430,1610,1750,1930,2110,2250",,
sg_gj,비밀의 화원 광주점,sg_gj6,라스트 잡,라스트 잡,90,"1인 18,000원","1355,1550,1745,1940,2135",,"1200,1355,1550,1745,1940,2135,2330",,
sg_gj,비밀의 화원 광주점,sg_gj7,Love Blossom,"Love Blossom,러브블로썸",80,"1인 16,000원","1210,1345,1520,1655,1830,2005",,"1210,1345,1520,1655,1830,2005",,
sg_dhr,비밀의 화원 대학로점,sg_dhr1,비밀의 모험,비밀의 모험,75,"1인 25,000원","1045,1225,1405,1545,1725,1905,2045,2225",,"1045,1225,1405,1545,1725,1905,2045,2225",,
sg_dhr,비밀의 화원 대학로점,sg_dhr2,슈퍼플레이어 : PLAYER1,"슈퍼플레이어 : PLAYER1,플레이어1",60,"1인 22,000원","1040,1200,1320,1440,1600,1720,1840,2000,2120,2240",,"1040,1200,1320,1440,1600,1720,1840,2000,2120,2240",,
sg_dhr,비밀의 화원 대학로점,sg_dhr3,엑스튜브,엑스튜브,60,"1인 22,000원","1020,1140,1300,1420,1540,1700,1820,1940,2100,2220",,"1020,1140,1300,1420,1540,1700,1820,1940,2100,2220",,
sg_dhr,비밀의 화원 대학로점,sg_dhr4,대감댁 변씨,대감댁변씨,60,"1인 22,000원","1050,1210,1330,1450,1610,1730,1850,2010,2130,2250",,"1050,1210,1330,1450,1610,1730,1850,2010,2130,2250",,
sg_dhr,비밀의 화원 대학로점,sg_dhr5,나이스,나이스,60,"1인 22,000원","1010,1130,1250,1410,1530,1650,1810,1930,2050,2210",,"1010,1130,1250,1410,1530,1650,1810,1930,2050,2210",,
sg_dsr,비밀의 화원 동성로점,sg_dsr1,리비도,리비도,75,"1인 25,000원","1030,1200,1330,1500,1630,1800,1930,2100,2230",,"1030,1200,1330,1500,1630,1800,1930,2100,2230",,
sg_dsr,비밀의 화원 동성로점,sg_dsr2,대×9탈출,"대x9탈출,대구탈출,대9탈출,대대대대대대대대대탈출",75,"1인 25,000원","1045,1215,1345,1515,1645,1815,1945,2115,2245",,"1045,1215,1345,1515,1645,1815,1945,2115,2245",,
sg_dsr,비밀의 화원 동성로점,sg_dsr3,안녕,안녕,60,"1인 22,000원","1030,1145,1300,1415,1530,1645,1800,1915,2030,2145,2300",,"1030,1145,1300,1415,1530,1645,1800,1915,2030,2145,2300",,
sg_dsr,비밀의 화원 동성로점,sg_dsr4,비밀의 선물,비밀의 선물,60,"1인 22,000원","1010,1125,1240,1355,1505,1620,1735,1850,2005,2120,2235",,"1010,1125,1240,1355,1505,1620,1735,1850,2005,2120,2235",,
sg_dsr,비밀의 화원 동성로점,sg_dsr5,대감댁 변씨,대감댁 변씨,60,"1인 22,000원","1020,1135,1250,1405,1520,1635,1750,1905,2020,2135,2250",,"1020,1135,1250,1405,1520,1635,1750,1905,2020,2135,2250",,
sg_dsr,비밀의 화원 동성로점,sg_dsr6,영웅을 찾아서,영웅을 찾아서,60,"1인 22,000원","1000,1115,1230,1400,1515,1630,1745,1900,2015,2130,2245",,"1000,1115,1230,1400,1515,1630,1745,1900,2015,2130,2245",,
sg_dsr,비밀의 화원 동성로점,sg_dsr7,향수 2019,향수 2019,60,"1인 22,000원","1045,1200,1315,1430,1545,1700,1815,1930,2045,2200,2315",,"1045,1200,1315,1430,1545,1700,1815,1930,2045,2200,2315",,
sg_hj,비밀의 화원 미드나잇 합정점,sg_hj1,비밀의 가족,"비밀의 가족,비가",75,"1인 25,000원","1220,1400,1540,1720,1900,2040,2210",,"1040,1220,1400,1540,1720,1900,2040,2210",,
sg_hj,비밀의 화원 미드나잇 합정점,sg_hj2,파리82,파리82,72,"1인 25,000원","1200,1340,1520,1700,1840,2020,2150",,"1020,1200,1340,1520,1700,1840,2020,2150",,
sg_hj,비밀의 화원 미드나잇 합정점,sg_hj3,팩토리 엠,팩토리 엠,75,"1인 25,000원","1240,1420,1600,1740,1920,2100",,"1100,1240,1420,1600,1740,1920,2100",,
sg_hj,비밀의 화원 미드나잇 합정점,sg_hj4,"기다려, 금방 갈게","기다려, 금방 갈게",90,"1인 18,000원","1235,1415,1555,1735,1915",,"1235,1415,1555,1735,1915",,
sg_sm,비밀의 화원 서면점,sg_sm1,아뜰리에,아뜰리에,60,"1인 22,000원","1030,1145,1300,1415,1530,1645,1800,1915,2030,2145,2300,2415",,"1030,1145,1300,1415,1530,1645,1800,1915,2030,2145,2300,2415",,
sg_sm,비밀의 화원 서면점,sg_sm2,비밀의 화원,비밀의 화원,75,"1인 25,000원","1030,1205,1340,1515,1650,1825,2000,2135,2310",,"1030,1205,1340,1515,1650,1825,2000,2135,2310",,
sg_sm,비밀의 화원 서면점,sg_sm3,연애학개론,연애학개론,60,"1인 22,000원","1000,1115,1230,1345,1500,1615,1730,1845,2000,2115,2230,2345",,"1000,1115,1230,1345,1500,1615,1730,1845,2000,2115,2230,2345",,
sg_sm,비밀의 화원 서면점,sg_sm4,컬러즈,컬러즈,60,"1인 22,000원","1000,1115,1230,1345,1500,1615,1730,1845,2000,2115,2230,2345",,"1000,1115,1230,1345,1500,1615,1730,1845,2000,2115,2230,2345",,
sg_sm,비밀의 화원 서면점,sg_sm5,블라인드,블라인드,60,"1인 22,000원","1030,1145,1300,1415,1530,1645,1800,1915,2030,2145,2300,2415",,"1030,1145,1300,1415,1530,1645,1800,1915,2030,2145,2300,2415",,
sg_sm,비밀의 화원 서면점,sg_sm6,베이비 레이스,베이비 레이스,60,"1인 22,000원","1045,1200,1315,1430,1545,1700,1815,1930,2045,2200,2315,2430",,"1045,1200,1315,1430,1545,1700,1815,1930,2045,2200,2315,2430",,
sg_sm,비밀의 화원 서면점,sg_sm7,슈퍼 엔지니어,슈퍼 엔지니어,60,"1인 22,000원","1045,1200,1315,1430,1545,1700,1815,1930,2045,2200,2315,2430",,"1045,1200,1315,1430,1545,1700,1815,1930,2045,2200,2315,2430",,
sg_hh,비밀의 화원 시네마틱 혜화점,sg_hh1,H.E.L.L.P,"H.E.L.L.P,헬프,HELLP",100,"1인 28,000원","1230,1445,1700,1915,2130",,"1015,1230,1445,1700,1915,2130",,
sg_hh,비밀의 화원 시네마틱 혜화점,sg_hh2,달 : 기억의 조각,달 : 기억의 조각,75,"1인 25,000원","1220,1400,1540,1720,1900,2040,2220",,"1040,1220,1400,1540,1720,1900,2040,2220",,
sg_hh,비밀의 화원 시네마틱 혜화점,sg_hh3,딜레마,딜레마,80,"1인 25,000원","1215,1410,1605,1800,2000,2155",,"1020,1215,1410,1605,1800,2000,2155",,
sg_hh,비밀의 화원 시네마틱 혜화점,sg_hh4,도망자 여씨,도망자 여씨,45,"1인 15,000원","1215,1325,1435,1545,1655,1805,1915,2025,2135,2245",,"1105,1215,1325,1435,1545,1655,1805,1915,2025,2135,2245",,
sg_hh,비밀의 화원 시네마틱 혜화점,sg_hh5,삼남매 이씨,삼남매 이씨,60,"1인 18,000원","1155,1325,1455,1625,1825,1955,2125,2240",,"1025,1155,1325,1455,1625,1825,1955,2125,2240",,
sg_jj,비밀의 화원 전주점,sg_jj1,달 : 기억의 조각,달 : 기억의 조각,75,"1인 25,000원","1210,1350,1530,1710,1850,2030,2210",,"1210,1350,1530,1710,1850,2030,2210",,
sg_jj,비밀의 화원 전주점,sg_jj2,사춘기,사춘기,60,"1인 22,000원","1210,1345,1520,1655,1830,2005,2140",,"1210,1345,1520,1655,1830,2005,2140",,
sg_jj,비밀의 화원 전주점,sg_jj3,담력학원,담력학원,75,"1인 25,000원","1225,1410,1555,1740,1925,2110,2255",,"1225,1410,1555,1740,1925,2110,2255",,
sg_fkd,비밀의 화원 포레스트 건대점,sg_fkd1,미씽 스노우맨,미씽 스노우맨,70,"1인 25,000원","1340,1500,1620,1740,1900,2020,2140",,"1220,1340,1500,1620,1740,1900,2020,2140,2300",,
sg_fkd,비밀의 화원 포레스트 건대점,sg_fkd2,더데이,더데이,60,"1인 22,000원","1355,1510,1625,1740,1855,2010,2125",,"1240,1355,1510,1625,1740,1855,2010,2125,2240",,
sg_fkd,비밀의 화원 포레스트 건대점,sg_fkd3,새벽 베이커리,새벽 베이커리,60,"1인 22,000원","1405,1520,1635,1750,1905,2020,2135",,"1250,1405,1520,1635,1750,1905,2020,2135,2250",,
sg_fkd,비밀의 화원 포레스트 건대점,sg_fkd4,라스트 잡,라스트 잡,90,"1인 18,000원","1410,1550,1730,1910,2050",,"1230,1410,1550,1730,1910,2050",,
bp_gd1,비트포비아 강남던전,bp_gd1_1,강남목욕탕,"강남목욕탕,강목",60,"1인 26,000원","1200,1320,1440,1600,1720,1840,2000,2120,2240",,"1000,1120,1240,1400,1520,1640,1800,1920,2040,2200",,
bp_gd1,비트포비아 강남던전,bp_gd1_2,대호시장 살인사건,대호시장살인사건,60,"1인 26,000원","1150,1310,1430,1550,1710,1830,1950,2110,2230",,"1010,1130,1250,1410,1530,1650,1810,1930,2050,2210",,
bp_gd1,비트포비아 강남던전,bp_gd1_3,마음을 그려드립니다,"마음을그려드립니다,마그다",60,"1인 26,000원","1220,1340,1500,1620,1740,1900,2020,2140,2250",,"1020,1140,1300,1420,1540,1700,1820,1940,2100,2220",,
bp_gd1,비트포비아 강남던전,bp_gd1_4,LOST KINGDOM : 잊혀진 전설,"로스트킹덤,잊혀진전설,로킹1",60,"1인 26,000원","1210,1330,1450,1610,1730,1850,2010,2130,2250",,"1030,1150,1310,1430,1550,1710,1830,1950,2110,2230",,
bp_gd2,비트포비아 강남던전2,bp_gd2_1,LOST KINGDOM2 : 대탐험의 시작,"로스트킹덤2,대탐험의시작,로킹2",75,"1인 29,000원","1010,1110,1210,1310,1410,1510,1610,1710,1810,1910,2010,2110,2210",,"1010,1110,1210,1310,1410,1510,1610,1710,1810,1910,2010,2110,2210",,
bp_gd2,비트포비아 강남던전2,bp_gd2_2,MAYDAY,"MAYDAY,메이데이",65,"1인 28,000원","1000,1125,1250,1415,1535,1655,1815,1935,2050,2215",,"1000,1125,1250,1415,1535,1655,1815,1935,2050,2215",,
bp_101,비트포비아 던전101,bp_101_1,화생설화 : Blooming,화생설화,60,"1인 27,000원","0955,1045,1135,1225,1315,1405,1455,1545,1635,1725,1815,1905,1955,2045,2135,2240",,"0955,1045,1135,1225,1315,1405,1455,1545,1635,1725,1815,1905,1955,2045,2135,2240",,
bp_101,비트포비아 던전101,bp_101_2,MST 엔터테인먼트,"MST엔터테인먼트,엠에스티",60,"1인 27,000원","1010,1130,1250,1410,1530,1650,1810,1930,2050,2210",,"1010,1130,1250,1410,1530,1650,1810,1930,2050,2210",,
bp_101,비트포비아 던전101,bp_101_3,LET'S PLAY TOGETHER,"LET'S PLAY TOGETHER,렛츠플레이투게더,렛플투",60,"1인 27,000원","1020,1140,1300,1420,1540,1700,1820,1940,2110,2230",,"1020,1140,1300,1420,1540,1700,1820,1940,2110,2230",,
bp_101,비트포비아 던전101,bp_101_4,전래동 자살사건,전래동자살사건,70,"1인 29,000원","1030,1200,1330,1500,1630,1800,1930,2100,2230",,"1030,1200,1330,1500,1630,1800,1930,2100,2230",,
bp_dl,비트포비아 던전루나,bp_dl1,검은 운명의 밤,"검은운명의밤,검운밤",65,"1인 28,000원","0930,1030,1130,1230,1330,1430,1530,1630,1730,1830,1930,2030,2130,2230",,"0930,1030,1130,1230,1330,1430,1530,1630,1730,1830,1930,2030,2130,2230",,
bp_dl,비트포비아 던전루나,bp_dl2,3일,3일,75,"1인 29,000원","0950,1050,1150,1250,1350,1440,1525,1610,1655,1740,1825,1910,1955,2040,2125,2210",,"0950,1035,1120,1205,1250,1335,1420,1505,1550,1635,1720,1805,1850,1935,2020,2105,2150,2235",,
bp_ds,비트포비아 던전스텔라,bp_ds1,데스티니 앤드 타로,"데스티니앤드타로,데타로,데앤타",75,"1인 29,000원","1030,1135,1240,1345,1450,1555,1700,1805,1910,2015,2120,2225",,"1030,1135,1240,1345,1450,1555,1700,1805,1910,2015,2120,2225",,
bp_ds,비트포비아 던전스텔라,bp_ds2,響 : 향,향,70,"1인 29,000원","1000,1130,1300,1430,1600,1730,1900,2030,2200",,"1000,1130,1300,1430,1600,1730,1900,2030,2200",,
bp_ds,비트포비아 던전스텔라,bp_ds3,TIENTANG CITY,"티엔탕시티,TIENTANG CITY",75,"1인 30,000원","0950,1125,1300,1435,1610,1745,1920,2055,2230",,"0950,1125,1300,1435,1610,1745,1920,2055,2230",,
bp_md,비트포비아 명동점,bp_md1,오늘밤 주인공은 나야 나,오늘밤주인공은나야나,60,"1인 22,000원","1300,1410,1520,1630,1740,1850,2000,2110",,"1200,1310,1420,1530,1640,1750,1900,2010,2120",,
bp_md,비트포비아 명동점,bp_md2,기억의 틈,기억의틈,60,"1인 23,000원","1230,1400,1530,1700,1830,2000",,"1130,1300,1430,1600,1730,1900,2030",,
bp_md,비트포비아 명동점,bp_md3,도깨비2,도깨비2,60,"1인 22,000원","1245,1355,1505,1615,1725,1835,1945,2055",,"1145,1255,1405,1515,1625,1735,1845,1955,2105",,
bp_md,비트포비아 명동점,bp_md4,드러건 [배신의 씨앗 : 의심],"드러건,배신의씨앗,의심",40,"1인 15,000원","1220,1340,1500,1620,1740,1900,2020",,"1120,1240,1400,1520,1640,1800,1920,2040",,
bp_sd,비트포비아 서면던전,bp_sd1,오늘 나는 (부산),오늘나는,60,"1인 26,000원","1200,1320,1440,1600,1720,1840,2000,2120,2240",,"0930,1040,1200,1320,1440,1600,1720,1840,2000,2120,2230",,
bp_sd,비트포비아 서면던전,bp_sd2,꿈의 공장 (부산),"꿈의공장,꿈공",60,"1인 26,000원","1210,1330,1450,1610,1730,1850,2010,2130,2250",,"0940,1050,1210,1330,1450,1610,1730,1850,2010,2130,2240",,
bp_sd,비트포비아 서면던전,bp_sd3,날씨의 신 (부산),"날씨의신,날신",60,"1인 26,000원","1220,1340,1500,1620,1740,1900,2020,2140,2250",,"0950,1100,1220,1340,1500,1620,1740,1900,2020,2140,2250",,
bp_sdr,비트포비아 서면던전 레드,bp_sdr1,어느 수집가의 집,어느수집가의집,60,"1인 22,000원","1150,1310,1430,1550,1710,1830,1950,2110,2230",,"1000,1120,1240,1400,1520,1640,1800,1920,2040,2200",,
bp_sdr,비트포비아 서면던전 레드,bp_sdr2,AMEN,"AMEN,아멘",60,"1인 22,000원","1200,1320,1440,1600,1720,1840,2000,2120,2240",,"1010,1130,1250,1410,1530,1650,1810,1930,2050,2210",,
bp_sdr,비트포비아 서면던전 레드,bp_sdr3,고시원 살인사건,고시원살인사건,60,"1인 22,000원","1250,1410,1530,1650,1810,1930,2050,2210",,"1020,1140,1300,1420,1540,1700,1820,1940,2100,2220",,
bp_sdr,비트포비아 서면던전 레드,bp_sdr4,당감동 정육점,당감동정육점,60,"1인 22,000원","1240,1400,1520,1640,1800,1920,2040,2200",,"1030,1150,1310,1430,1550,1710,1830,1950,2110,2230",,
bp_sdr,비트포비아 서면던전 레드,bp_sdr5,부적,부적,60,"1인 22,000원","1210,1330,1450,1610,1730,1850,2010,2130,2250",,"1040,1200,1320,1440,1600,1720,1840,2000,2120,2240",,
bp_sdr,비트포비아 서면던전 레드,bp_sdr6,산장으로의 초대,산장으로의초대,60,"1인 22,000원","1300,1420,1540,1700,1820,1940,2100,2220",,"1050,1210,1330,1450,1610,1730,1850,2010,2130,2250",,
bp_hd1,비트포비아 홍대던전,bp_hd1_1,사라진 보물 : 대저택의 비밀,"사라진보물,대저택의비밀",60,"1인 26,000원","1200,1320,1440,1600,1720,1840,2000,2120,2240",,"1000,1120,1240,1400,1520,1640,1800,1920,2040,2200",,
bp_hd1,비트포비아 홍대던전,bp_hd1_2,날씨의 신 (홍대),"날씨의신,날신",60,"1인 26,000원","1220,1340,1500,1620,1740,1900,2020,2140,2250",,"1020,1140,1300,1420,1540,1700,1820,1940,2100,2220",,
bp_hd1,비트포비아 홍대던전,bp_hd1_3,꿈의 공장 (홍대),"꿈의공장,꿈공",60,"1인 26,000원","1150,1310,1430,1550,1710,1830,1950,2110,2230",,"1010,1130,1250,1410,1530,1650,1810,1930,2050,2210",,
bp_hd1,비트포비아 홍대던전,bp_hd1_4,오늘 나는 (홍대),오늘나는,60,"1인 26,000원","1210,1330,1450,1610,1730,1850,2010,2130,2250",,"1030,1150,1310,1430,1550,1710,1830,1950,2110,2230",,
bp_hd3,비트포비아 홍대던전3,bp_hd3_1,그달동네,그달동네,70,"1인 29,000원","1000,1130,1300,1430,1600,1730,1900,2030,2200",,"1000,1130,1300,1430,1600,1730,1900,2030,2200",,
bp_hd3,비트포비아 홍대던전3,bp_hd3_2,이미지 세탁소,"이미지세탁소,이세소",70,"1인 29,000원","1010,1140,1310,1440,1610,1740,1910,2040,2210",,"1010,1140,1310,1440,1610,1740,1910,2040,2210",,
bp_hd3,비트포비아 홍대던전3,bp_hd3_3,경성 연쇄실종사건,경성연쇄실종사건,70,"1인 29,000원","0940,1040,1140,1240,1340,1440,1540,1640,1740,1840,1940,2040,2140,2240",,"0940,1040,1140,1240,1340,1440,1540,1640,1740,1840,1940,2040,2140,2240",,
bp_hd3,비트포비아 홍대던전3,bp_hd3_4,And I met E,"And I met E,앤아멧이",70,"1인 29,000원","0920,1020,1120,1220,1320,1420,1520,1620,1720,1820,1920,2020,2120,2220",,"0920,1020,1120,1220,1320,1420,1520,1620,1720,1820,1920,2020,2120,2220",,
sm_gj,상상의 문 광주점,sm_gj1,영결식(靈結式),영결식,60,"1인 23,000원","1215,1335,1455,1615,1735,1855,2015,2135",,"1055,1215,1335,1455,1615,1735,1855,2015,2135,2255",,
sm_gj,상상의 문 광주점,sm_gj2,시크릿 왕국의 스캔들,"스크릿왕국의스캔들,시왕스",80,"1인 26,000원","1230,1415,1600,1745,1930,2115",,"1045,1230,1415,1600,1745,1930,2115,2300",,
sm_gj,상상의 문 광주점,sm_gj3,호러맨스 (광주),호러맨스,70,"1인 24,000원","1235,1405,1535,1705,1835,2005,2135",,"1105,1235,1405,1535,1705,1835,2005,2135,2305",,
sm_gj,상상의 문 광주점,sm_gj4,서울만 가면 된다 (광주),서울만가면된다,69,"1인 25,000원","1250,1420,1550,1720,1850,2020,2150",,"1120,1250,1420,1550,1720,1850,2020,2150,2320",,
sm_gj,상상의 문 광주점,sm_gj5,TITAN : 전쟁의 경계 (광주),"타이탄,전쟁의경계,TITAN",70,"1인 25,000원","1300,1430,1600,1730,1900,2030,2200",,"1130,1300,1430,1600,1730,1900,2030,2200,2330",,
sm_dhr,상상의 문 대학로점,sm_dhr1,나이트워크,나이트워크,100,"1인 35,000원","1000,1200,1400,1600,1805,2005,2205",,"1000,1200,1400,1600,1805,2005,2205",,
sm_dhr,상상의 문 대학로점,sm_dhr2,스포일러,스포일러,85,"1인 27,000원","0950,1135,1320,1505,1650,1835,2020,2215",,"0950,1135,1320,1505,1650,1835,2020,2215",,
sm_dhr,상상의 문 대학로점,sm_dhr3,경찰과 도둑,"경찰과도둑,경도",60,"1인 22,000원","1005,1125,1245,1415,1535,1655,1825,1940,2055,2225",,"1005,1125,1245,1415,1535,1655,1825,1940,2055,2225",,
sm_bp,상상의 문 부평점,sm_bp1,쇼쿠진 (부평),쇼쿠진,70,"1인 25,000원","1130,1255,1420,1545,1710,1835,2000,2125",,"0950,1115,1240,1405,1530,1655,1820,1945,2110,2235",,
sm_bp,상상의 문 부평점,sm_bp2,420번지,420번지,70,"1인 25,000원","1150,1315,1440,1605,1730,1855,2020,2145",,"1010,1135,1300,1425,1550,1715,1840,2005,2130,2255",,
sm_bp,상상의 문 부평점,sm_bp3,흑신소,흑신소,70,"1인 25,000원","1140,1305,1430,1555,1720,1845,2010,2135",,"1000,1125,1250,1415,1540,1705,1830,1955,2120,2245",,
sm_bp,상상의 문 부평점,sm_bp4,행복목욕탕,"행복목욕탕,행목",80,"1인 29,000원","1145,1320,1455,1630,1805,1940,2115",,"1005,1140,1315,1450,1625,1800,1935,2110,2245",,
sm_bs,상상의 문 분당서현점,sm_bs1,시크릿 왕국의 스캔들_감독판,"시크릿왕국의스캔들,시왕스",90,"1인 28,000원","1120,1310,1500,1650,1840,2030,2220",,"1130,1315,1500,1645,1830,2015,2200",,
sm_bs,상상의 문 분당서현점,sm_bs2,HERE I AM (서현),"HERE I AM,히얼아이엠",70,"1인 24,000원","1130,1300,1430,1600,1730,1900,2030,2200",,"1105,1230,1355,1520,1645,1810,1935,2100,2225",,
sm_bs,상상의 문 분당서현점,sm_bs3,몽염 : 도망칠 수 없는 꿈,"몽염,도망칠수없는꿈",80,"1인 27,000원","1220,1400,1540,1720,1900,2040,2220",,"1115,1250,1425,1600,1735,1910,2045,2220",,
sm_bs,상상의 문 분당서현점,sm_bs4,역만,역만,90,"1인 27,000원","1110,1300,1450,1640,1830,2020,2210",,"1125,1310,1455,1640,1825,2010,2155",,
sm_bs,상상의 문 분당서현점,sm_bs5,셔플월드,셔플월드,70,"1인 24,000원","1200,1330,1500,1630,1800,1930,2100,2230",,"1055,1220,1345,1510,1635,1800,1925,2050,2215",,
sm_bs,상상의 문 분당서현점,sm_bs6,전당포 조필두,전당포조필두,60,"1인 22,000원","1140,1300,1420,1540,1700,1820,1940,2100,2230",,"1115,1230,1345,1500,1615,1730,1845,2000,2115,2230",,
sm_sw2,상상의 문 수원2호점,sm_sw2_1,알케이드 빌리지,알케이드빌리지,80,"1인 29,000원","0950,1125,1300,1435,1610,1745,1920,2055,2230",,"0950,1125,1300,1435,1610,1745,1920,2055,2230",,
sm_sw2,상상의 문 수원2호점,sm_sw2_2,OKCUT,"OKCUT,OK컷,오케이컷",90,"1인 32,000원","1000,1145,1330,1515,1700,1845,2030,2215",,"1000,1145,1330,1515,1700,1845,2030,2215",,
sm_sw2,상상의 문 수원2호점,sm_sw2_3,성지기숙학원 : 특수교정반,"성지기숙학원,특수교정반",80,"1인 29,000원","0955,1130,1305,1440,1615,1750,1925,2100,2235",,"0955,1130,1305,1440,1615,1750,1925,2100,2235",,
sm_sw2,상상의 문 수원2호점,sm_sw2_4,춘화각 : 피할 수 없는 저주,"춘화각,피할수없는저주",80,"1인 33,000원","1015,1150,1325,1500,1635,1810,1945,2120,2255",,"1015,1150,1325,1500,1635,1810,1945,2120,2255",,
sm_sw2,상상의 문 수원2호점,sm_sw2_5,낙화 : 떨어지는 꽃,"낙화,떨어지는꽃",80,"1인 29,000원","1005,1135,1305,1435,1605,1735,1905,2035,2205",,"1005,1135,1305,1435,1605,1735,1905,2035,2205",,
sm_sw2,상상의 문 수원2호점,sm_sw2_6,HINDSIGHT,"HINDSIGHT,하인드사이트",80,"1인 27,000원","1010,1140,1310,1440,1610,1740,1910,2040,2210",,"1010,1140,1310,1440,1610,1740,1910,2040,2210",,
sm_sw1,상상의 문 수원점,sm_sw1_1,직박구리 : 남친탐구생활 (수원),"직박구리,남친탐구생활",70,"1인 23,000원","1000,1125,1250,1415,1540,1705,1830,1955,2120,2245",,"1010,1135,1300,1425,1550,1715,1840,2005,2130,2255",,
sm_sw1,상상의 문 수원점,sm_sw1_2,복도끝,복도끝,75,"1인 26,000원","1030,1200,1330,1500,1630,1800,1930,2100,2230",,"1000,1135,1310,1445,1620,1755,1930,2105,2240",,
sm_sw1,상상의 문 수원점,sm_sw1_3,혼숨 (수원),혼숨,70,"1인 24,000원","1010,1135,1300,1425,1550,1715,1840,2005,2130,2255",,"0955,1120,1245,1410,1535,1700,1825,1950,2115,2240",,
sm_sw1,상상의 문 수원점,sm_sw1_4,DKDK 컴퍼니,DKDK컴퍼니,80,"1인 27,000원","1010,1145,1320,1455,1630,1805,1940,2115,2250",,"0940,1120,1300,1440,1620,1800,1940,2120,2300",,
sm_sw1,상상의 문 수원점,sm_sw1_5,영안실 (수원),영안실,80,"1인 27,000원","1005,1140,1315,1450,1625,1800,1935,2110,2245",,"0930,1110,1250,1430,1610,1750,1930,2110,2250",,
sm_sw1,상상의 문 수원점,sm_sw1_6,퍼펫쇼,퍼펫쇼,70,"1인 23,000원","1005,1130,1255,1420,1545,1710,1835,2000,2125,2250",,"0950,1115,1240,1405,1530,1655,1820,1945,2110,2235",,
ser_dsr,서울이스케이프룸 대구동성로점,ser_dsr1,만찬,만찬,60,"1인 25,000원","1225,1335,1445,1555,1705,1815,1925,2035,2145,2255",,"1115,1225,1335,1445,1555,1705,1815,1925,2035,2145,2255",,
ser_dsr,서울이스케이프룸 대구동성로점,ser_dsr2,오모테나시,오모테나시,77,"1인 28,000원","1225,1355,1525,1655,1825,1955,2125,2255",,"1055,1225,1355,1525,1655,1825,1955,2125,2255",,
ser_dsr,서울이스케이프룸 대구동성로점,ser_dsr3,춘단화,춘단화,70,"1인 27,000원","1220,1350,1520,1650,1820,1950,2120,2250",,"1050,1220,1350,1520,1650,1820,1950,2120,2250",,
ser_dsr,서울이스케이프룸 대구동성로점,ser_dsr4,파킹랏,파킹랏,60,"1인 23,000원","1225,1340,1455,1610,1725,1840,1955,2110,2225",,"1110,1225,1340,1455,1610,1725,1840,1955,2110,2225",,
ser_dsr,서울이스케이프룸 대구동성로점,ser_dsr5,엘리베이터,엘리베이터,60,"1인 23,000원","1240,1355,1510,1625,1740,1855,2010,2125,2240",,"1125,1240,1355,1510,1625,1740,1855,2010,2125,2240",,
ser_dsr,서울이스케이프룸 대구동성로점,ser_dsr6,팩토리,팩토리,60,"1인 23,000원","1255,1410,1525,1640,1755,1910,2025,2140,2255",,"1140,1255,1410,1525,1640,1755,1910,2025,2140,2255",,
ser_dsr,서울이스케이프룸 대구동성로점,ser_dsr7,카지노,카지노,75,"1인 27,000원","1230,1400,1530,1700,1830,2000,2130,2300",,"1100,1230,1400,1530,1700,1830,2000,2130,2300",,
ser_dsr,서울이스케이프룸 대구동성로점,ser_dsr8,접견,접견,60,"1인 25,000원","1220,1330,1440,1550,1700,1810,1920,2030,2140,2250",,"1110,1220,1330,1440,1550,1700,1810,1920,2030,2140,2250",,
ser_sm,서울이스케이프룸 부산서면점,ser_sm1,404호 살인사건,404호 살인사건,60,"1인 20,000원","1040,1200,1320,1440,1600,1720,1840,2000,2120,2240",,"1040,1200,1320,1440,1600,1720,1840,2000,2120,2240",,
ser_sm,서울이스케이프룸 부산서면점,ser_sm2,알카트라즈 지하감옥,알카트라즈 지하감옥,60,"1인 20,000원","1100,1220,1340,1500,1620,1740,1900,2020,2140,2300",,"1100,1220,1340,1500,1620,1740,1900,2020,2140,2300",,
ser_sm,서울이스케이프룸 부산서면점,ser_sm3,회장님의 서재,회장님의 서재,60,"1인 20,000원","1100,1220,1340,1500,1620,1740,1900,2020,2140,2300",,"1100,1220,1340,1500,1620,1740,1900,2020,2140,2300",,
ser_sm,서울이스케이프룸 부산서면점,ser_sm4,유러피안 스파이,유러피안 스파이,60,"1인 20,000원","1120,1240,1400,1520,1640,1800,1920,2040,2200,2320",,"1120,1240,1400,1520,1640,1800,1920,2040,2200,2320",,
ser_sm,서울이스케이프룸 부산서면점,ser_sm5,죽음을 부르는 재즈바,"죽음을 부르는 재즈바,죽재바",60,"1인 23,000원",,,"1120,1240,1400,1520,1640,1800,1920,2040,2200,2320",,
ser_bp,서울이스케이프룸 부평점,ser_bp1,404호 살인사건,404호 살인사건,60,"1인 20,000원","1200,1320,1440,1600,1720,1840,2000,2120,2240",,"1040,1200,1320,1440,1600,1720,1840,2000,2120,2240",,
ser_bp,서울이스케이프룸 부평점,ser_bp2,알카트라즈 지하감옥,알카트라즈 지하감옥,60,"1인 20,000원","1220,1340,1500,1620,1740,1900,2020,2140,2300",,"1100,1220,1340,1500,1620,1740,1900,2020,2140,2300",,
ser_bp,서울이스케이프룸 부평점,ser_bp3,회장님의 서재,회장님의 서재,60,"1인 20,000원","1220,1340,1500,1620,1740,1900,2020,2140,2300",,"1100,1220,1340,1500,1620,1740,1900,2020,2140,2300",,
ser_bp,서울이스케이프룸 부평점,ser_bp4,유러피안 스파이,유러피안 스파이,60,"1인 20,000원","1240,1400,1520,1640,1800,1920,2040,2200,2320",,"1120,1240,1400,1520,1640,1800,1920,2040,2200,2320",,
ser_bp,서울이스케이프룸 부평점,ser_bp5,죽음을 부르는 재즈바,"죽음을 부르는 재즈바,죽재바",60,"1인 23,000원",,,"1240,1350,1500,1610,1720,1830,1940,2050",,
ser_hd,서울이스케이프룸 홍대점,ser_hd1,OSIRIS,"OSIRIS,오시리스",70,"1인 32,000원","1115,1230,1345,1500,1615,1730,1845,2000,2115,2230",,"1000,1115,1230,1345,1500,1615,1730,1845,2000,2115,2230",,
sh_gr,셜록홈즈 구리점,sh_gr1,혼 : 원혼의 저주 (구리),혼 : 원혼의 저주,60,"1인 22,000원","1310,1430,1550,1710,1830,1950,2100",,"1200,1320,1440,1600,1720,1840,2000,2110",,
sh_gr,셜록홈즈 구리점,sh_gr2,호텔 : 사라진 다이아몬드 (구리),호텔 : 사라진 다이아몬드,60,"1인 22,000원","1310,1430,1550,1710,1830,1950,2100",,"1200,1320,1440,1600,1720,1840,2000,2110",,
sh_gr,셜록홈즈 구리점,sh_gr3,무속인 살인사건 (구리),무속인 살인사건,60,"1인 22,000원","1330,1450,1610,1730,1850,2010,2120",,"1220,1340,1500,1620,1740,1900,2020,2130",,
sh_gr,셜록홈즈 구리점,sh_gr4,미녀와 야수 (구리),미녀와 야수,60,"1인 22,000원","1330,1450,1610,1730,1850,2010,2120",,"1220,1340,1500,1620,1740,1900,2020,2130",,
sh_gr,셜록홈즈 구리점,sh_gr5,반고흐의 방 (구리),반고흐의 방,60,"1인 22,000원","1330,1450,1610,1730,1850,2010,2120",,"1220,1340,1500,1620,1740,1900,2020,2130",,
sh_gw,셜록홈즈 구월인천점,sh_gw1,파란지붕집 (인천),파란지붕집,60,"1인 22,000원","1215,1335,1455,1615,1735,1855,2015,2135",,"1215,1335,1455,1615,1735,1855,2015,2135",,
sh_gw,셜록홈즈 구월인천점,sh_gw2,좀비여친 (인천),좀비여친,60,"1인 22,000원","1210,1330,1450,1610,1730,1850,2010,2130",,"1210,1330,1450,1610,1730,1850,2010,2130",,
sh_gw,셜록홈즈 구월인천점,sh_gw3,던전을 부탁해 (인천),던전을 부탁해,60,"1인 22,000원","1215,1335,1455,1615,1735,1855,2015,2135",,"1215,1335,1455,1615,1735,1855,2015,2135",,
sh_gw,셜록홈즈 구월인천점,sh_gw4,사라민,사라민,60,"1인 22,000원","1220,1340,1500,1620,1740,1900,2020,2140",,"1220,1340,1500,1620,1740,1900,2020,2140",,
sh_gw,셜록홈즈 구월인천점,sh_gw5,지옥의 라이더,지옥의 라이더,60,"1인 22,000원","1220,1340,1500,1620,1740,1900,2020,2140",,"1220,1340,1500,1620,1740,1900,2020,2140",,
sh_gw,셜록홈즈 구월인천점,sh_gw6,호텔 : 사라진 다이아몬드 (인천),호텔 : 사라진 다이아몬드,60,"1인 22,000원","1210,1330,1450,1610,1730,1850,2010,2130",,"1210,1330,1450,1610,1730,1850,2010,2130",,
sh_gs,셜록홈즈 군산수송점 (T.A),sh_gs1,호환마마,호환마마,60,1분당 350원,"1030,1145,1300,1415,1530,1645,1800,1915,2030,2145,2300",,"1030,1145,1300,1415,1530,1645,1800,1915,2030,2145,2300",,
sh_gs,셜록홈즈 군산수송점 (T.A),sh_gs2,쉘터,쉘터,60,1분당 350원,"1010,1125,1240,1355,1510,1625,1740,1855,2010,2125,2240",,"1010,1125,1240,1355,1510,1625,1740,1855,2010,2125,2240",,
sh_gs,셜록홈즈 군산수송점 (T.A),sh_gs3,암영귀,암영귀,60,1분당 350원,"1020,1135,1250,1405,1520,1635,1750,1905,2020,2135,2250",,"1020,1135,1250,1405,1520,1635,1750,1905,2020,2135,2250",,
sh_gs,셜록홈즈 군산수송점 (T.A),sh_gs4,YOLO카페,"YOLO카페,욜로카페",60,1분당 350원,"1050,1205,1320,1435,1550,1705,1820,1935,2050,2205,2320",,"1050,1205,1320,1435,1550,1705,1820,1935,2050,2205,2320",,
sh_gs,셜록홈즈 군산수송점 (T.A),sh_gs5,TEACHER,"TEACHER,티쳐",60,1분당 350원,"1040,1155,1310,1425,1540,1655,1810,1925,2040,2155,2310",,"1040,1155,1310,1425,1540,1655,1810,1925,2040,2155,2310",,
sh_gp,셜록홈즈 김포구래점 (T.A),sh_gp1,셜록홈즈와 탈출의 방,셜록홈즈와 탈출의 방,60,1분당 350원,"1225,1340,1455,1610,1725,1840,1955,2110,2225",,"1030,1145,1300,1415,1530,1645,1800,1915,2030,2145",,
sh_gp,셜록홈즈 김포구래점 (T.A),sh_gp2,락인블랙_13번째 시간을 털어라,락인블랙_13번째 시간을 털어라,60,1분당 350원,"1235,1350,1505,1620,1735,1850,2005,2120,2235",,"1040,1155,1310,1425,1540,1655,1810,1925,2040,2155",,
sh_gp,셜록홈즈 김포구래점 (T.A),sh_gp3,살롱,살롱,60,1분당 350원,"1215,1330,1445,1600,1715,1830,1945,2100,2215",,"1040,1155,1310,1425,1540,1655,1810,1925,2040,2155",,
sh_gp,셜록홈즈 김포구래점 (T.A),sh_gp4,미스터케이스도서관,미스터케이스도서관,60,1분당 350원,"1235,1350,1505,1620,1735,1850,2005,2120,2235",,"1050,1205,1320,1435,1550,1705,1820,1935,2050,2205",,
sh_gp,셜록홈즈 김포구래점 (T.A),sh_gp5,도둑들_경찰서를 털어라,도둑들_경찰서를 털어라,60,1분당 350원,"1225,1340,1455,1610,1725,1840,1955,2110,2225",,"1030,1145,1300,1415,1530,1645,1800,1915,2030,2145",,
sh_nrj,셜록홈즈 노량진점,sh_nrj1,반하셨군요?,반하셨군요?,60,"1인 22,000원","1500,1610,1720,1830,1940,2050,2200",,"1240,1355,1510,1625,1740,1855,2010,2120,2230",,
sh_nrj,셜록홈즈 노량진점,sh_nrj2,중고로운 평화나라 (노량진),중고로운 평화나라,60,"1인 22,000원","1500,1610,1720,1830,1940,2050,2200",,"1240,1355,1510,1625,1740,1855,2010,2120,2230",,
sh_nrj,셜록홈즈 노량진점,sh_nrj3,어린왕자,어린왕자,60,"1인 22,000원","1450,1600,1710,1820,1930,2040,2150",,"1230,1345,1500,1615,1730,1845,2000,2110,2220",,
sh_nrj,셜록홈즈 노량진점,sh_nrj4,빛과 그림자 : 화이트의죽음2 (노량진),빛과 그림자 : 화이트의죽음2,60,"1인 22,000원","1450,1600,1710,1820,1930,2040,2150",,"1230,1345,1500,1615,1730,1845,2000,2110,2220",,
sh_nw,셜록홈즈 노원점,sh_nw1,황금 감옥 : 와캄 (노원),황금 감옥 : 와캄,60,"1인 22,000원","1200,1320,1440,1600,1720,1840,2000,2120",,"1100,1220,1340,1500,1620,1740,1900,2020,2140",,
sh_nw,셜록홈즈 노원점,sh_nw2,지프리트의 심장 (노원),지프리트의 심장,60,"1인 22,000원","1200,1320,1440,1600,1720,1840,2000,2120",,"1100,1220,1340,1500,1620,1740,1900,2020,2140",,
sh_nw,셜록홈즈 노원점,sh_nw3,파라오의 심판 (노원),파라오의 심판,60,"1인 22,000원","1220,1340,1500,1620,1740,1900,2020,2140",,"1120,1240,1400,1520,1640,1800,1920,2040,2200",,
sh_nw,셜록홈즈 노원점,sh_nw4,스토커,스토커,60,"1인 22,000원","1220,1340,1500,1620,1740,1900,2020,2140",,"1120,1240,1400,1520,1640,1800,1920,2040,2200",,
sh_nw,셜록홈즈 노원점,sh_nw5,미녀와 야수2,미녀와 야수2,60,"1인 22,000원","1240,1400,1520,1640,1800,1920,2040,2200",,"1140,1300,1420,1540,1700,1820,1940,2100,2220",,
sh_nw,셜록홈즈 노원점,sh_nw6,도둑들 (노원),도둑들,60,"1인 22,000원","1240,1400,1520,1640,1800,1920,2040,2200",,"1140,1300,1420,1540,1700,1820,1940,2100,2220",,
sh_nbc,셜록홈즈 뉴부천점,sh_nbc1,MADEON,"MADEON,마데온",70,1분당 350원,"1145,1310,1435,1600,1725,1850,2015,2140",,"1045,1210,1335,1500,1625,1750,1915,2040,2205",,
sh_nbc,셜록홈즈 뉴부천점,sh_nbc2,XIAMEN,"XIAMEN,샤먼",60,1분당 350원,"1155,1320,1445,1610,1735,1900,2025,2150",,"1055,1220,1345,1510,1635,1800,1925,2050,2215",,
sh_nbc,셜록홈즈 뉴부천점,sh_nbc3,HOUNDRED,"HOUNDRED,하운드레드",60,1분당 350원,"1155,1310,1425,1540,1655,1810,1925,2040,2155",,"1045,1200,1315,1430,1545,1700,1815,1930,2045,2200",,
sh_nbc,셜록홈즈 뉴부천점,sh_nbc4,CRACK,"CRACK,크랙",60,1분당 350원,"1145,1300,1415,1530,1645,1800,1915,2030,2145",,"1055,1210,1325,1440,1555,1710,1825,1940,2055,2210",,
sh_nbc,셜록홈즈 뉴부천점,sh_nbc5,월간오컬트 : 폐간호,월간오컬트 : 폐간호,60,1분당 350원,"1200,1315,1430,1545,1700,1815,1930,2045,2200",,"1100,1215,1330,1445,1600,1715,1830,1945,2100,2205",,
sh_nbc,셜록홈즈 뉴부천점,sh_nbc6,귀가,귀가,60,1분당 350원,,,,,
sh_ay,셜록홈즈 뉴안양점,sh_ay1,웨딩크루즈 살인사건-2탄,웨딩크루즈 살인사건-2탄,60,"1인 22,000원","1200,1320,1440,1600,1720,1840,2000,2110",,"1210,1330,1450,1610,1730,1850,2010,2130",,
sh_ay,셜록홈즈 뉴안양점,sh_ay2,파란지붕집 (안양),파란지붕집,60,"1인 22,000원","1210,1330,1450,1610,1730,1850,2010,2120",,"1220,1340,1500,1620,1740,1900,2020,2140",,
sh_ay,셜록홈즈 뉴안양점,sh_ay3,파노라마,파노라마,60,"1인 22,000원","1200,1320,1440,1600,1720,1840,2000,2110",,"1210,1330,1450,1610,1730,1850,2010,2130",,
sh_ay,셜록홈즈 뉴안양점,sh_ay4,중고로운 평화나라 (안양),중고로운 평화나라,60,"1인 22,000원","1220,1340,1500,1620,1740,1900,2020,2130",,"1230,1350,1510,1630,1750,1910,2030,2150",,
sh_ay,셜록홈즈 뉴안양점,sh_ay5,노량진 고시생의 사랑-여자편,노량진 고시생의 사랑-여자편,60,"1인 22,000원","1220,1340,1500,1620,1740,1900,2020,2130",,"1220,1340,1500,1620,1740,1900,2020,2140",,
sh_dsr,셜록홈즈 대구동성로점,sh_dsr1,단잠,단잠,65,"1인 22,000원","1040,1210,1335,1500,1625,1750,1915,2040,2210",,"1020,1150,1310,1430,1550,1710,1830,1950,2110,2230",,
sh_dsr,셜록홈즈 대구동성로점,sh_dsr2,랑슈 뷰티연구소,랑슈 뷰티연구소,60,"1인 22,000원","1050,1220,1350,1520,1645,1810,1935,2100,2220",,"1010,1130,1250,1410,1530,1650,1810,1930,2050,2210",,
sh_dsr,셜록홈즈 대구동성로점,sh_dsr3,황금 감옥 : 와캄 (대구),황금 감옥 : 와캄,60,"1인 22,000원","1100,1220,1340,1510,1630,1800,1920,2050,2210",,"1020,1140,1300,1420,1540,1700,1820,1940,2100,2220",,
sh_dsr,셜록홈즈 대구동성로점,sh_dsr4,지프리트의 심장 (대구),지프리트의 심장,60,"1인 22,000원","1050,1210,1330,1450,1610,1730,1850,2010,2130",,"1000,1120,1240,1400,1520,1640,1800,1920,2040,2200",,
sh_dj,셜록홈즈 대전은행점 (T.A),sh_dj1,어느날알바를마치고집에왔는데돈도없고밥도없고공모전엔또떨어져서진짜답도없고있는게아무것도없네하고감성에젖다가자려고했는데갑자기모니터에서...,어느날알바를마치고집에왔는데돈도없고밥도없고공모전엔또떨어져서진짜답도없고있는게아무것도없네하고감성에젖다가자려고했는데갑자기모니터에서...,80,1분당 350원,"1220,1355,1530,1705,1840,2015,2150",,"1045,1230,1405,1540,1715,1850,2025,2200",,
sh_dj,셜록홈즈 대전은행점 (T.A),sh_dj2,리버스 1부-결과,리버스 1부-결과,60,1분당 350원,"1220,1335,1450,1605,1720,1835,1950,2105,2220",,"1050,1205,1320,1435,1550,1705,1820,1935,2050,2205",,
sh_dj,셜록홈즈 대전은행점 (T.A),sh_dj3,리버스 2부-되감기,리버스 2부-되감기,60,1분당 350원,"1210,1325,1440,1555,1710,1825,1940,2055,2210",,"1110,1225,1340,1455,1610,1725,1840,1955,2110,2225",,
sh_dhr,셜록홈즈 대학로점,sh_dhr1,미녀와 야수 (대학로),미녀와 야수,60,"1인 22,000원","1200,1315,1430,1545,1700,1815,1930,2045,2200",,"1100,1215,1330,1445,1600,1715,1830,1945,2100,2210",,
sh_dhr,셜록홈즈 대학로점,sh_dhr2,드림 인베이더,드림 인베이더,60,"1인 22,000원","1205,1320,1435,1550,1705,1820,1935,2050,2200",,"1110,1225,1340,1455,1610,1725,1840,1955,2110,2220",,
sh_dhr,셜록홈즈 대학로점,sh_dhr3,혼 : 원혼의 저주 (대학로),혼 : 원혼의 저주,60,"1인 22,000원","1215,1330,1445,1600,1715,1830,1945,2100,2210",,"1120,1235,1350,1505,1620,1735,1850,2005,2120,2230",,
sh_dhr,셜록홈즈 대학로점,sh_dhr4,무속인 살인사건 (대학로),무속인 살인사건,60,"1인 22,000원","1200,1315,1430,1545,1700,1815,1930,2045,2200",,"1100,1215,1330,1445,1600,1715,1830,1945,2100,2210",,
sh_dhr,셜록홈즈 대학로점,sh_dhr5,위험한 레시피 (대학로),위험한 레시피,60,"1인 22,000원","1215,1330,1445,1600,1715,1830,1945,2100,2210",,"1110,1225,1340,1455,1610,1725,1840,1955,2110,2220",,
sh_dt,셜록홈즈 동탄점,sh_dt1,귀신이 산다,귀신이 산다,60,"1인 22,000원","1330,1500,1630,1800,1930,2100",,"1115,1245,1415,1545,1715,1845,2015,2145",,
sh_dt,셜록홈즈 동탄점,sh_dt2,거짓말,거짓말,60,"1인 22,000원","1320,1440,1600,1720,1840,2000,2120",,"1115,1245,1415,1545,1715,1845,2015,2145",,
sh_dt,셜록홈즈 동탄점,sh_dt3,던전을 부탁해 (동탄),던전을 부탁해,60,"1인 22,000원","1310,1430,1550,1710,1830,1950,2110",,"1115,1245,1415,1545,1715,1845,2015,2145",,
sh_dt,셜록홈즈 동탄점,sh_dt4,호텔 : 사라진 다이아몬드 (동탄),호텔 : 사라진 다이아몬드,60,"1인 22,000원","1320,1440,1600,1720,1840,2000,2120",,"1125,1240,1400,1520,1640,1800,1920,2040,2200",,
sh_dt,셜록홈즈 동탄점,sh_dt5,지옥의 배달부 (동탄),지옥의 배달부,60,"1인 22,000원","1320,1440,1600,1720,1840,2000,2120",,"1125,1240,1400,1520,1640,1800,1920,2040,2200",,
sh_dt,셜록홈즈 동탄점,sh_dt6,좀비여친 (동탄),좀비여친,60,"1인 22,000원","1330,1500,1630,1800,1930,2100",,"1115,1245,1415,1545,1715,1845,2015,2145",,
sh_ms,셜록홈즈 미사점 (T.A),sh_ms1,요상한 저택의 비밀 다락방,요상한 저택의 비밀 다락방,60,1분당 350원,"1200,1315,1430,1545,1700,1815,1930,2045",,"1050,1200,1315,1430,1545,1700,1815,1930,2045,2200",,
sh_ms,셜록홈즈 미사점 (T.A),sh_ms2,다이스,다이스,60,1분당 350원,"1210,1325,1440,1555,1710,1825,1940,2055",,"1055,1210,1325,1440,1555,1710,1825,1940,2055,2210",,
sh_ms,셜록홈즈 미사점 (T.A),sh_ms3,셜록곰즈,셜록곰즈,60,1분당 350원,"1220,1335,1450,1605,1720,1835,1950,2105",,"1105,1220,1335,1450,1605,1720,1835,1950,2105,2220",,
sh_ms,셜록홈즈 미사점 (T.A),sh_ms4,별별별 아카데미-별의 시험,별별별 아카데미-별의 시험,60,1분당 350원,"1230,1345,1500,1615,1730,1845,2000,2115",,"1115,1230,1345,1500,1615,1730,1845,2000,2115,2230",,
sh_art,셜록홈즈 부산 아트몰링 (T.A),sh_art1,95,95,60,1분당 350원,"1040,1200,1320,1440,1600,1720,1840,2000",,"1040,1200,1320,1440,1600,1720,1840,2000",,
sh_art,셜록홈즈 부산 아트몰링 (T.A),sh_art2,골드워쳐,골드워쳐,60,1분당 350원,"1050,1210,1330,1450,1610,1730,1850",,"1050,1210,1330,1450,1610,1730,1850",,
sh_art,셜록홈즈 부산 아트몰링 (T.A),sh_art3,우당탕 해결사무소,우당탕 해결사무소,60,1분당 350원,"1100,1220,1340,1500,1620,1740,1900",,"1100,1220,1340,1500,1620,1740,1900",,
sh_art,셜록홈즈 부산 아트몰링 (T.A),sh_art4,오버드라이브,오버드라이브,60,1분당 350원,"1110,1230,1350,1510,1630,1750,1910",,"1110,1230,1350,1510,1630,1750,1910",,
sh_art,셜록홈즈 부산 아트몰링 (T.A),sh_art5,시간의 회랑,시간의 회랑,70,1분당 400원,"1100,1230,1400,1530,1700,1830",,"1100,1230,1400,1530,1700,1830",,
sh_gj,셜록홈즈 부산기장정관점,sh_gj1,트라이앵글,트라이앵글,90,"1인 27,000원","1215,1345,1515,1645,1815,1945,2115",,"1215,1345,1515,1645,815,1945,2115,2245",,
sh_gj,셜록홈즈 부산기장정관점,sh_gj2,유품정리사,유품정리사,90,"1인 27,000원","1200,1330,1500,1630,1800,1930,2100",,"1200,1330,1500,1630,1800,1930,2100,2230",,
sh_bc,셜록홈즈 부천중동점 (T.A),sh_bc1,트레이드,트레이드,60,1분당 350원,"1155,1310,1425,1540,1655,1810,1925,2040,2155",,"1040,1155,1310,1425,1540,1655,1810,1925,2040,2155",,
sh_bc,셜록홈즈 부천중동점 (T.A),sh_bc2,SOON TO BE,"SOON TO BE,순투비",60,1분당 350원,"1220,1335,1450,1605,1720,1835,1950,2105,2220",,"1105,1220,1335,1450,1605,1720,1835,1950,2105,2220",,
sh_bc,셜록홈즈 부천중동점 (T.A),sh_bc3,DREAM THEATER,"DREAM THEATER,드림시어터",70,1분당 350원,"1150,1320,1450,1620,1750,1920,2050,2220",,"1020,1150,1320,1450,1620,1750,1920,2050,2220",,
sh_bc,셜록홈즈 부천중동점 (T.A),sh_bc4,행운의 배달부 루시,행운의 배달부 루시,80,1분당 350원,"1210,1350,1530,1710,1850,2035,2215",,"1030,1210,1350,1530,1710,1850,2035,2215",,
sh_bp2,셜록홈즈 부평2호점,sh_bp2_1,스탕달 신드롬,스탕달 신드롬,70,"1인 28,000원","1155,1325,1455,1630,1755,1920,2045,2210",,"1030,1155,1325,1455,1630,1755,1920,2045,2210",,
sh_bp2,셜록홈즈 부평2호점,sh_bp2_2,RE:PEAT,"RE:PEAT,리피트",65,"1인 26,000원","1140,1300,1420,1540,1700,1820,1940,2055,2215",,"1020,1140,1300,1420,1540,1700,1820,1940,2055,2215",,
sh_bp2,셜록홈즈 부평2호점,sh_bp2_3,데스게임 : 벼랑 끝에 선 자들,데스게임 : 벼랑 끝에 선 자들,50,"1인 21,000원","1115,1215,1315,1415,1515,1615,1715,1815,1915,2015,2115,2215",,"1015,1115,1215,1315,1415,1515,1615,1715,1815,1915,2015,2115,2215",,
sh_bp2,셜록홈즈 부평2호점,sh_bp2_5,프로젝트 루나,프로젝트 루나,60,"1인 22,000원","1120,1235,1350,1505,1620,1735,1850,2000,2110,2220",,"1005,1120,1235,1350,1505,1620,1735,1850,2000,2110,2220",,
sh_bp2,셜록홈즈 부평2호점,sh_bp2_6,꿈사탕,꿈사탕,60,"1인 22,000원","1120,1235,1350,1505,1620,1735,1850,2000,2110,2220",,"1005,1120,1235,1350,1505,1620,1735,1850,2000,2110,2220",,
sh_bp,셜록홈즈 부평점,sh_bp1,펜타킬,펜타킬,70,"1인 28,000원","1145,1310,1440,1610,1740,1910,2040,2210",,"1030,1155,1325,1455,1625,1755,1925,2055,2220",,
sh_bp,셜록홈즈 부평점,sh_bp2,나쁜놈 나쁜놈 나쁜놈,나쁜놈 나쁜놈 나쁜놈,60,"1인 22,000원","1225,1340,1455,1610,1725,1840,1955,2110,2225",,"1110,1225,1340,1455,1610,1725,1840,1955,2110,2225",,
sh_bp,셜록홈즈 부평점,sh_bp3,이상한 나라의 초대 (부평),이상한 나라의 초대,60,"1인 22,000원","1205,1320,1435,1550,1705,1820,1935,2050,2205",,"1050,1205,1320,1435,1550,1705,1820,1935,2050,2205",,
sh_bp,셜록홈즈 부평점,sh_bp4,수상한형제들,수상한형제들,60,"1인 22,000원","1215,1330,1445,1600,1715,1830,1945,2100,2215",,"1100,1215,1330,1445,1600,1715,1830,1945,2100,2215",,
sh_bp,셜록홈즈 부평점,sh_bp5,혼 : 원혼의 저주 (부평),혼 : 원혼의 저주,60,"1인 22,000원","1205,1320,1435,1550,1705,1820,1935,2050,2205",,"1050,1205,1320,1435,1550,1705,1820,1935,2050,2205",,
sh_bp,셜록홈즈 부평점,sh_bp6,지하감옥,지하감옥,60,"1인 22,000원","1215,1330,1445,1600,1715,1830,1945,2100,2215",,"1100,1215,1330,1445,1600,1715,1830,1945,2100,2215",,
sh_yt,셜록홈즈 분당야탑점,sh_yt1,빛과 그림자 : 화이트의죽음2 (분당),빛과 그림자 : 화이트의죽음2,60,"1인 22,000원","1320,1435,1550,1705,1820,1935,2050",,"1220,1335,1455,1615,1735,1855,2010,2125",,
sh_yt,셜록홈즈 분당야탑점,sh_yt2,무속인 살인사건 (분당),무속인 살인사건,60,"1인 22,000원","1330,1445,1600,1715,1830,1945,2100",,"1230,1345,1500,1620,1740,1855,2015,2130",,
sh_yt,셜록홈즈 분당야탑점,sh_yt3,반고흐의 방 (분당),반고흐의 방,60,"1인 22,000원","1310,1430,1550,1710,1830,1945,2100",,"1210,1325,1445,1605,1725,1845,2000,2115",,
sh_yt,셜록홈즈 분당야탑점,sh_yt4,도둑들-문제도둑,도둑들-문제도둑,60,"1인 22,000원","1310,1430,1550,1710,1830,1945,2100",,"1210,1325,1445,1605,1725,1845,2000,2115",,
sh_yt,셜록홈즈 분당야탑점,sh_yt5,혼 : 원혼의 저주 (분당),혼 : 원혼의 저주,60,"1인 22,000원","1320,1435,1550,1705,1820,1935,2050",,"1220,1335,1455,1615,1735,1855,2010,2125",,
sh_sh,셜록홈즈 서현점,sh_sh1,Molaq : 성 밖 이야기,"Molaq : 성 밖 이야기,몰락",60,"1인 22,000원","1200,1320,1440,1600,1720,1840,2000,2120,2230",,"1100,1220,1340,1500,1620,1740,1900,2020,2140,2250",,
sh_sh,셜록홈즈 서현점,sh_sh2,Below : 성 안 이야기,"Below : 성 안 이야기,비로우",60,"1인 22,000원","1200,1320,1440,1600,1720,1840,2000,2120,2230",,"1100,1220,1340,1500,1620,1740,1900,2020,2140,2250",,
sh_sh,셜록홈즈 서현점,sh_sh3,대영어시대(어데하씬교?),대영어시대(어데하씬교?),60,"1인 22,000원","1220,1340,1500,1620,1740,1900,2020,2140,2250",,"1120,1240,1400,1520,1640,1800,1920,2040,2200,2310",,
sh_sh,셜록홈즈 서현점,sh_sh4,디스트로이드,디스트로이드,70,"1인 26,000원","1150,1320,1450,1620,1750,1920,2050,2220",,"1050,1220,1350,1520,1650,1820,1950,2120,2240",,
sh_sswu,셜록홈즈 성신여대점,sh_sswu1,호텔 : 사라진 다이아몬드 (성신여대),호텔 : 사라진 다이아몬드,60,"1인 22,000원","1315,1430,1545,1700,1815,1930,2045,2145",,"1115,1230,1345,1500,1615,1730,1845,2000,2100,2210",,
sh_sswu,셜록홈즈 성신여대점,sh_sswu2,크라임씬 (성신여대),크라임씬,60,"1인 22,000원","1300,1415,1530,1645,1800,1915,2030,2135",,"1100,1215,1330,1445,1600,1715,1830,1945,2100,2210",,
sh_sswu,셜록홈즈 성신여대점,sh_sswu3,보헤미아 왕국의 스캔들,보헤미아 왕국의 스캔들,60,"1인 22,000원","1315,1430,1545,1700,1815,1930,2045,2145",,"1115,1230,1345,1500,1615,1730,1845,2000,2100,2210",,
sh_sswu,셜록홈즈 성신여대점,sh_sswu4,빛과 그림자 : 화이트의죽음2 (성신여대),빛과 그림자 : 화이트의죽음2,60,"1인 22,000원","1300,1415,1530,1645,1800,1915,2030,2135",,"1100,1215,1330,1445,1600,1715,1830,1945,2100,2210",,
sh_sd,셜록홈즈 송도트리플점 (T.A),sh_sd1,쉿!,쉿!,60,1분당 350원,"1015,1135,1255,1415,1535,1655,1815,1935,2055,2215",,"1015,1135,1255,1415,1535,1655,1815,1935,2055,2215",,
sh_sd,셜록홈즈 송도트리플점 (T.A),sh_sd2,피의 제물 바라지,피의 제물 바라지,60,1분당 350원,"1035,1150,1305,1420,1535,1650,1805,1920,2035,2150",,"1035,1150,1305,1420,1535,1650,1805,1920,2035,2150",,
sh_sd,셜록홈즈 송도트리플점 (T.A),sh_sd3,회사원,회사원,60,1분당 350원,"1055,1210,1325,1440,1555,1710,1825,1940,2055,2210",,"1055,1210,1325,1440,1555,1710,1825,1940,2055,2210",,
sh_sd,셜록홈즈 송도트리플점 (T.A),sh_sd4,CLUB 데쓰포우,CLUB 데쓰포우,60,1분당 350원,"1105,1220,1335,1450,1605,1720,1835,1950,2105,2220",,"1105,1220,1335,1450,1605,1720,1835,1950,2105,2220",,
sh_sd,셜록홈즈 송도트리플점 (T.A),sh_sd5,납치 (인천),납치,60,1분당 350원,"1045,1200,1315,1430,1545,1700,1815,1930,2045,2200",,"1045,1200,1315,1430,1545,1700,1815,1930,2045,2200",,
sh_sd,셜록홈즈 송도트리플점 (T.A),sh_sd6,절대로 클릭금지,절대로 클릭금지,60,1분당 350원,"1025,1140,1255,1410,1525,1640,1755,1910,2025,2140",,"1025,1140,1255,1410,1525,1640,1755,1910,2025,2140",,
sh_sd,셜록홈즈 송도트리플점 (T.A),sh_sd7,학교괴담_삼거리고등학교의 비밀,학교괴담_삼거리고등학교의 비밀,60,1분당 350원,"1200,1330,1500,1640,1800,1930,2100",,"1200,1330,1500,1640,1800,1930,2100",,
sh_sw,셜록홈즈 수원역점 (T.A),sh_sw1,1980 레트로게임룸,1980 레트로게임룸,60,1분당 350원,"1210,1325,1440,1555,1710,1825,1940,2055,2210,2320",,"1010,1125,1240,1355,1510,1625,1740,1855,2010,2125,2240",,
sh_sw,셜록홈즈 수원역점 (T.A),sh_sw2,세계날씨본부,세계날씨본부,60,1분당 350원,"1220,1335,1450,1605,1720,1835,1950,2105,2220,2330",,"1020,1135,1250,1405,1520,1635,1750,1905,2020,2135,2250",,
sh_sw,셜록홈즈 수원역점 (T.A),sh_sw3,인형의 집,인형의 집,60,1분당 350원,"1230,1345,1500,1615,1730,1845,2000,2115,2230,2340",,"1030,1145,1300,1415,1530,1645,1800,1915,2030,2145,2300",,
sh_sw,셜록홈즈 수원역점 (T.A),sh_sw4,발사까지 59분 59초,발사까지 59분 59초,60,1분당 350원,"1240,1355,1510,1625,1740,1855,2010,2125,2240",,"1040,1155,1310,1425,1540,1655,1810,1925,2040,2155,2310",,
sh_sw,셜록홈즈 수원역점 (T.A),sh_sw5,022,022,60,1분당 350원,"1250,1405,1520,1635,1750,1905,2020,2135,2250",,"1050,1205,1320,1435,1550,1705,1820,1935,2050,2205,2320",,
sh_sw,셜록홈즈 수원역점 (T.A),sh_sw6,괴담수집가_김민지괴담,괴담수집가_김민지괴담,60,1분당 350원,"1300,1415,1530,1645,1800,1915,2030,2145,2300",,"1100,1215,1330,1445,1600,1715,1830,1945,2100,2215,2330",,
sh_sw,셜록홈즈 수원역점 (T.A),sh_sw7,유작,유작,60,1분당 350원,"1310,1425,1540,1655,1810,1925,2040,2155,2310",,"1110,1225,1340,1455,1610,1725,1840,1955,2110,2225,2340",,
sh_ig,셜록홈즈 수원인계점 (T.A),sh_ig1,아트마와 위대한 유산,아트마와 위대한 유산,70,1분당 400원,"1000,1130,1300,1430,1600,1730,1900,2030,2200",,"1000,1130,1300,1430,1600,1730,1900,2030,2200",,
sh_ig,셜록홈즈 수원인계점 (T.A),sh_ig2,무제,무제,60,1분당 350원,"1040,1155,1310,1425,1540,1655,1810,1925,2040,2155",,"1040,1155,1310,1425,1540,1655,1810,1925,2040,2155",,
sh_ig,셜록홈즈 수원인계점 (T.A),sh_ig3,그는 남쪽을 꿈꾸지 않았다.,그는 남쪽을 꿈꾸지 않았다.,60,1분당 350원,"1010,1125,1240,1355,1510,1625,1740,1855,2010,2125",,"1010,1125,1240,1355,1510,1625,1740,1855,2010,2125",,
sh_ig,셜록홈즈 수원인계점 (T.A),sh_ig4,WHO ARE U?,"WHO ARE U?,후아유",60,1분당 350원,"1050,1205,1320,1435,1550,1705,1820,1935,2050,2205",,"1050,1205,1320,1435,1550,1705,1820,1935,2050,2205",,
sh_ig,셜록홈즈 수원인계점 (T.A),sh_ig5,라이트랠리,라이트랠리,60,1분당 350원,"1020,1135,1250,1405,1520,1635,1750,1905,2020,2135",,"1020,1135,1250,1405,1520,1635,1750,1905,2020,2135",,
sh_ig,셜록홈즈 수원인계점 (T.A),sh_ig6,기담,기담,60,1분당 350원,"1030,1145,1300,1415,1530,1645,1800,1915,2030,2145",,"1030,1145,1300,1415,1530,1645,1800,1915,2030,2145",,
sh_ig,셜록홈즈 수원인계점 (T.A),sh_ig7,A TOY,"A TOY,어토이",60,1분당 350원,"1000,1120,1240,1400,1520,1640,1800,1920,2040,2200",,"1000,1120,1240,1400,1520,1640,1800,1920,2040,2200",,
sh_sj,셜록홈즈 수지구청점 (T.A),sh_sj1,호텔더게임,호텔더게임,70,1분당 400원,"1020,1150,1320,1450,1620,1750,1920,2050,2220",,"1020,1150,1320,1450,1620,1750,1920,2050,2220",,
sh_sj,셜록홈즈 수지구청점 (T.A),sh_sj2,투더제로,투더제로,60,1분당 350원,"1045,1200,1315,1430,1545,1700,1815,1930,2045,2200",,"1045,1200,1315,1430,1545,1700,1815,1930,2045,2200",,
sh_sj,셜록홈즈 수지구청점 (T.A),sh_sj3,7개의죄,7개의죄,60,1분당 350원,"1040,1155,1310,1425,1540,1655,1810,1925,2040,2155",,"1040,1155,1310,1425,1540,1655,1810,1925,2040,2155",,
sh_sj,셜록홈즈 수지구청점 (T.A),sh_sj4,스테이호디에,스테이호디에,60,1분당 350원,"1030,1145,1300,1415,1530,1645,1800,1915,2030,2145",,"1030,1145,1300,1415,1530,1645,1800,1915,2030,2145",,
sh_sj,셜록홈즈 수지구청점 (T.A),sh_sj5,체이서vs체이서,체이서vs체이서,60,1분당 350원,"1035,1150,1305,1420,1535,1650,1805,1920,2035,2150",,"1035,1150,1305,1420,1535,1650,1805,1920,2035,2150",,
sh_as,셜록홈즈 아산점,sh_as1,귀로여관,귀로여관,70,"1인 25,000원","1150,1320,1450,1620,1750,1920,2050,2220",,"1020,1150,1320,1450,1620,1750,1920,2050,2220",,
sh_as,셜록홈즈 아산점,sh_as2,노룸,노룸,60,"1인 22,000원","1210,1320,1430,1545,1700,1815,1930,2045,2200",,"1040,1150,1300,1415,1530,1645,1800,1915,2025,2135",,
sh_as,셜록홈즈 아산점,sh_as3,악마를 보았다 (아산),악마를 보았다,60,"1인 22,000원","1215,1330,1445,1600,1715,1830,1945,2100,2215",,"1045,1200,1315,1430,1545,1700,1815,1930,2040,2150",,
sh_as,셜록홈즈 아산점,sh_as4,대마법사 오셀로,대마법사 오셀로,60,"1인 22,000원","1245,1400,1515,1630,1745,1900,2015,2130",,"1100,1215,1330,1445,1600,1715,1830,1945,2055,2205",,
sh_as,셜록홈즈 아산점,sh_as5,말못해,말못해,60,"1인 22,000원","1230,1345,1500,1615,1730,1845,2000,2115,2230",,"1115,1230,1345,1500,1615,1730,1845,2000,2110,2220",,
sh_bg,셜록홈즈 안양범계점 (T.A),sh_bg1,버튼을 누르세요,버튼을 누르세요,60,1분당 350원,"1010,1125,1240,1355,1510,1625,1740,1855,2010,2125,2240",,"1010,1125,1240,1355,1510,1625,1740,1855,2010,2125,2240",,
sh_bg,셜록홈즈 안양범계점 (T.A),sh_bg2,Play or Die,"Play or Die,플레이다이,플레이or다이,플레이올다이",60,1분당 400원,"1000,1115,1230,1345,1500,1615,1730,1845,2000,2115,2230",,"1000,1115,1230,1345,1500,1615,1730,1845,2000,2115,2230",,
sh_bg,셜록홈즈 안양범계점 (T.A),sh_bg3,1111,1111,60,1분당 350원,"1020,1135,1250,1405,1520,1635,1750,1905,2020,2135,2250",,"1020,1135,1250,1405,1520,1635,1750,1905,2020,2135,2250",,
sh_bg,셜록홈즈 안양범계점 (T.A),sh_bg4,우리,우리,60,1분당 400원,"1000,1115,1230,1345,1505,1625,1745,1905,2025,2140,2255",,"1000,1115,1230,1345,1505,1625,1745,1905,2025,2140,2255",,
sh_bg,셜록홈즈 안양범계점 (T.A),sh_bg5,나는야 천재 테러리스트,나는야 천재 테러리스트,60,1분당 350원,,,,,
sh_bg,셜록홈즈 안양범계점 (T.A),sh_bg6,햄즈 살찌우기,햄즈 살찌우기,60,1분당 300원,"1015,1130,1245,1400,1515,1630,1745,1900,2015,2130,2245",,"1015,1130,1245,1400,1515,1630,1745,1900,2015,2130,2245",,
sh_bg,셜록홈즈 안양범계점 (T.A),sh_bg7,Guess who Knock Knock,"Guess who Knock Knock,게스후낙낙,게스후녹녹",60,1분당 350원,,,,,
sh_ys,셜록홈즈 여수점,sh_ys1,전기톱 살인사건,전기톱 살인사건,60,"1인 22,000원","1310,1420,1530,1640,1750,1900,2010,2120",,"1200,1310,1420,1530,1640,1750,1900,2010,2120",,
sh_ys,셜록홈즈 여수점,sh_ys2,빛과 그림자 : 화이트의죽음2 (여수),빛과 그림자:화이트의죽음2,60,"1인 22,000원","1320,1430,1540,1650,1800,1910,2020,2130",,"1210,1320,1430,1540,1650,1800,1910,2020,2130",,
sh_ys,셜록홈즈 여수점,sh_ys3,이상한 나라의 초대 (여수),이상한 나라의 초대,60,"1인 22,000원","1310,1420,1530,1640,1750,1900,2010,2120",,"1200,1310,1420,1530,1640,1750,1900,2010,2120",,
sh_ys,셜록홈즈 여수점,sh_ys4,할머니는 마법사,할머니는 마법사,60,"1인 22,000원","1310,1420,1530,1640,1750,1900,2010,2120",,"1200,1310,1420,1530,1640,1750,1900,2010,2120",,
sh_ys,셜록홈즈 여수점,sh_ys5,크라임씬 (여수),크라임씬,60,"1인 22,000원","1320,1430,1540,1650,1800,1910,2020,2130",,"1210,1320,1430,1540,1650,1800,1910,2020,2130",,
sh_ys,셜록홈즈 여수점,sh_ys6,무속인 살인사건 (여수),무속인 살인사건,60,"1인 22,000원","1310,1420,1530,1640,1750,1900,2010,2120",,"1200,1310,1420,1530,1640,1750,1900,2010,2120",,
sh_ys,셜록홈즈 여수점,sh_ys7,파라오의 심판 (여수),파라오의 심판,60,"1인 22,000원","1320,1430,1540,1650,1800,1910,2020,2130",,"1210,1320,1430,1540,1650,1800,1910,2020,2130",,
sh_yb,셜록홈즈 용인역북점 (T.A),sh_yb1,여행,여행,60,1분당 350원,"1135,1250,1405,1520,1635,1750,1905,2020,2135",,"1020,1135,1250,1405,1520,1635,1750,1905,2020,2135",,
sh_yb,셜록홈즈 용인역북점 (T.A),sh_yb2,여립,여립,60,1분당 350원,"1145,1300,1415,1530,1645,1800,1915,2030,2145",,"1030,1145,1300,1415,1530,1645,1800,1915,2030,2145",,
sh_yb,셜록홈즈 용인역북점 (T.A),sh_yb3,PATCHWORK,"패치워크,PATCHWORK",60,1분당 350원,"1205,1320,1435,1550,1705,1820,1935,2050,2205",,"1050,1205,1320,1435,1550,1705,1820,1935,2050,2205",,
sh_yb,셜록홈즈 용인역북점 (T.A),sh_yb4,그날 밤,그날밤,60,1분당 350원,"1140,1255,1410,1525,1640,1755,1910,2025,2140",,"1025,1140,1255,1410,1525,1640,1755,1910,2025,2140",,
sh_yb,셜록홈즈 용인역북점 (T.A),sh_yb5,HE(A)R(E,"히어,HEARE",60,1분당 350원,"1155,1310,1425,1540,1655,1810,1925,2040,2155",,"1040,1155,1310,1425,1540,1655,1810,1925,2040,2155",,
sh_db,셜록홈즈 용인동백점 (T.A),sh_db1,방탈출오락실,방탈출오락실,75,1분당 350원,"1050,1225,1400,1535,1710,1845,2020,2155",,"1050,1225,1400,1535,1710,1845,2020,2155",,
sh_db,셜록홈즈 용인동백점 (T.A),sh_db2,The Goth : 마녀시험,The Goth : 마녀시험,70,1분당 350원,"1000,1130,1300,1430,1600,1730,1900,2030,2200",,"1000,1130,1300,1430,1600,1730,1900,2030,2200",,
sh_db,셜록홈즈 용인동백점 (T.A),sh_db3,돈에 돈돈,돈에 돈돈,60,1분당 350원,"1035,1155,1315,1435,1555,1715,1835,1955,2115,2230",,"1035,1155,1315,1435,1555,1715,1835,1955,2115,2230",,
sh_db,셜록홈즈 용인동백점 (T.A),sh_db4,다우트,다우트,60,1분당 350원,"1015,1135,1255,1415,1535,1655,1815,1935,2055,2215",,"1015,1135,1255,1415,1535,1655,1815,1935,2055,2215",,
sh_db,셜록홈즈 용인동백점 (T.A),sh_db5,헨젤,헨젤,60,1분당 350원,"1025,1145,1305,1425,1545,1705,1825,1945,2105,2225",,"1025,1145,1305,1425,1545,1705,1825,1945,2105,2225",,
sh_db,셜록홈즈 용인동백점 (T.A),sh_db6,그레텔,그레텔,60,1분당 350원,"1010,1130,1250,1410,1530,1650,1810,1930,2050,2210",,"1010,1130,1250,1410,1530,1650,1810,1930,2050,2210",,
sh_db,셜록홈즈 용인동백점 (T.A),sh_db7,디핵스,디핵스,60,1분당 350원,"1020,1140,1300,1420,1540,1700,1820,1940,2100,2220",,"1020,1140,1300,1420,1540,1700,1820,1940,2100,2220",,
sh_db,셜록홈즈 용인동백점 (T.A),sh_db8,뮤직팩토리,뮤직팩토리,60,1분당 350원,"1000,1120,1240,1400,1520,1640,1800,1920,2040,2200",,"1000,1120,1240,1400,1520,1640,1800,1920,2040,2200",,
sh_wj,셜록홈즈 원주점 (T.A),sh_wj1,Red&White,"Red&White,레드&화이트,레드앤화이트,레드화이트",60,1분당 350원,"1310,1430,1550,1710,1830,1950,2110",,"1150,1310,1430,1550,1710,1830,1950,2110,2230",,
sh_wj,셜록홈즈 원주점 (T.A),sh_wj2,홍연,홍연,60,1분당 350원,"1320,1440,1600,1720,1840,2000,2120",,"1200,1320,1440,1600,1720,1840,2000,2120,2240",,
sh_wj,셜록홈즈 원주점 (T.A),sh_wj3,시간관리국,시간관리국,60,1분당 350원,"1330,1450,1610,1730,1850,2010,2130",,"1210,1330,1450,1610,1730,1850,2010,2130",,
sh_wj,셜록홈즈 원주점 (T.A),sh_wj4,경성 (원주),경성,60,1분당 350원,"1250,1410,1530,1650,1810,1930,2050",,"1130,1250,1410,1530,1650,1810,1930,2050,2210",,
sh_wj,셜록홈즈 원주점 (T.A),sh_wj5,추적,추적,60,1분당 350원,"1300,1420,1540,1700,1820,1940,2100",,"1140,1300,1420,1540,1700,1820,1940,2100,2220",,
sh_ujb,셜록홈즈 의정부점,sh_ujb1,미녀와 야수 (의정부),미녀와 야수,60,"1인 22,000원","1340,1455,1610,1725,1840,1955,2110",,"1140,1255,1410,1525,1640,1755,1910,2025,2140",,
sh_ujb,셜록홈즈 의정부점,sh_ujb2,WISH (의정부),"WISH,위시",60,"1인 22,000원","1345,1500,1615,1730,1845,2000,2115",,"1145,1300,1415,1530,1645,1800,1915,2030,2145",,
sh_ujb,셜록홈즈 의정부점,sh_ujb3,강령술,강령술,60,"1인 22,000원","1350,1505,1620,1735,1850,2005,2120",,"1150,1305,1420,1535,1650,1805,1920,2035,2150",,
sh_ujb,셜록홈즈 의정부점,sh_ujb4,SECURITY 야간 경비 근무,SECURITY 야간 경비 근무,60,"1인 22,000원","1355,1510,1625,1740,1855,2010,2125",,"1155,1310,1425,1540,1655,1810,1925,2040,2155",,
sh_ujb,셜록홈즈 의정부점,sh_ujb5,실종,실종,60,"1인 22,000원","1400,1515,1630,1745,1900,2015,2130",,"1200,1315,1430,1545,1700,1815,1930,2045,2200",,
sh_jssn,셜록홈즈 잠실새내점 (T.A),sh_jssn1,"아내, 유하린 37세","아내, 유하린 37세",70,1분당 400원,"1200,1325,1450,1615,1740,1905,2030,2155",,"1100,1225,1350,1515,1640,1805,1930,2055,2220",,
sh_jssn,셜록홈즈 잠실새내점 (T.A),sh_jssn2,끝... 그리고,끝... 그리고,65,1분당 400원,"1150,1310,1430,1550,1710,1830,1950,2110,2230",,"1050,1210,1330,1450,1610,1730,1850,2010,2130,2250",,
sh_jssn,셜록홈즈 잠실새내점 (T.A),sh_jssn3,도망친 곳에 낙원은 없다,도망친 곳에 낙원은 없다,70,1분당 400원,"1210,1335,1500,1625,1750,1915,2040,2205",,"1110,1235,1400,1525,1650,1815,1940,2105,2230",,
sh_js,셜록홈즈 잠실점,sh_js1,빛과 그림자,빛과 그림자,60,"1인 22,000원","1120,1240,1400,1520,1640,1800,1920,2040,2200",,"1120,1240,1400,1520,1640,1800,1920,2040,2200",,
sh_js,셜록홈즈 잠실점,sh_js2,무속인 살인사건 (잠실),무속인 살인사건,60,"1인 22,000원","1120,1240,1400,1520,1640,1800,1920,2040,2200",,"1120,1240,1400,1520,1640,1800,1920,2040,2200",,
sh_js,셜록홈즈 잠실점,sh_js3,위험한 레시피 (잠실),위험한 레시피,60,"1인 22,000원","1120,1240,1400,1520,1640,1800,1920,2040,2200",,"1120,1240,1400,1520,1640,1800,1920,2040,2200",,
sh_js,셜록홈즈 잠실점,sh_js4,웨딩크루즈 살인사건,웨딩크루즈 살인사건,60,"1인 22,000원","1140,1300,1420,1540,1700,1820,1940,2100,2220",,"1140,1300,1420,1540,1700,1820,1940,2100,2220",,
sh_js,셜록홈즈 잠실점,sh_js5,산속의 여인,산속의 여인,60,"1인 22,000원","1120,1240,1400,1520,1640,1800,1920,2040,2200",,"1120,1240,1400,1520,1640,1800,1920,2040,2200",,
sh_js,셜록홈즈 잠실점,sh_js6,학교괴담_태훈이의 죽음,학교괴담_태훈이의 죽음,60,"1인 22,000원","1140,1300,1420,1540,1700,1820,1940,2100,2220",,"1140,1300,1420,1540,1700,1820,1940,2100,2220",,
sh_js,셜록홈즈 잠실점,sh_js7,미대교수의 비밀,미대교수의 비밀,60,"1인 22,000원","1140,1300,1420,1540,1700,1820,1940,2100,2220",,"1140,1300,1420,1540,1700,1820,1940,2100,2220",,
sh_jg,셜록홈즈 종각점,sh_jg1,숙제,숙제,60,"1인 22,000원","1320,1440,1600,1720,1840,2000,2120",,"1220,1340,1500,1620,1740,1900,2020,2140",,
sh_jg,셜록홈즈 종각점,sh_jg2,죽음의 신,죽음의 신,60,"1인 22,000원","1330,1450,1610,1730,1850,2010,2130",,"1230,1350,1510,1630,1750,1910,2030,2150",,
sh_jg,셜록홈즈 종각점,sh_jg3,빛과 그림자 : 화이트의죽음2 (종각),빛과 그림자 : 화이트의죽음2,60,"1인 22,000원","1320,1440,1600,1720,1840,2000,2120",,"1220,1340,1500,1620,1740,1900,2020,2140",,
sh_jg,셜록홈즈 종각점,sh_jg4,호텔 : 사라진 다이아몬드 (종각),호텔 : 사라진 다이아몬드,60,"1인 22,000원","1330,1450,1610,1730,1850,2010,2130",,"1230,1350,1510,1630,1750,1910,2030,2150",,
sh_jg,셜록홈즈 종각점,sh_jg5,프로젝트 : 노아 (종각),프로젝트 : 노아,60,"1인 22,000원","1340,1500,1620,1740,1900,2020,2140",,"1240,1400,1520,1640,1800,1920,2040,2200",,
sh_ca1,셜록홈즈 천안1호점,sh_ca1_1,무속인 살인사건 (천안),무속인 살인사건,60,"1인 22,000원","1235,1345,1500,1615,1730,1845,2000,2110,2220,2330",,"1010,1120,1235,1345,1500,1615,1730,1845,2000,2110,2220,2330",,
sh_ca1,셜록홈즈 천안1호점,sh_ca1_2,이상한 나라의 초대 (천안),이상한 나라의 초대,60,"1인 22,000원","1245,1400,1515,1630,1745,1900,2015,2125,2235",,"1015,1130,1245,1400,1515,1630,1745,1900,2015,2130,2240",,
sh_ca1,셜록홈즈 천안1호점,sh_ca1_3,찰리와 늠름한(?) 바나나 공장,찰리와 늠름한(?) 바나나 공장,60,"1인 22,000원","1300,1415,1530,1645,1800,1915,2030,2140,2250",,"1030,1145,1300,1415,1530,1645,1800,1915,2030,2145,2255",,
sh_ca1,셜록홈즈 천안1호점,sh_ca1_4,호텔 : 사라진 다이아몬드 (천안),호텔 : 사라진 다이아몬드,60,"1인 22,000원","1315,1430,1545,1700,1815,1930,2045,2155,2305",,"1045,1200,1315,1430,1545,1700,1815,1930,2045,2200,2310",,
sh_ca1,셜록홈즈 천안1호점,sh_ca1_5,마법사의 세계,마법사의 세계,60,"1인 22,000원","1215,1330,1445,1600,1715,1830,1945,2100,2210,2320",,"1100,1215,1330,1445,1600,1715,1830,1945,2100,2210,2320",,
sh_ca2,셜록홈즈 천안2호점,sh_ca2_1,미즈몰리아와 수수께끼의 책,미즈몰리아와 수수께끼의 책,65,"1인 25,000원","1245,1400,1515,1630,1745,1900,2015,2130,2245",,"1015,1130,1245,1400,1515,1630,1745,1900,2015,2130,2245",,
sh_ca2,셜록홈즈 천안2호점,sh_ca2_2,TIED,"TIED,타이드",60,"1인 22,000원","1305,1420,1535,1650,1805,1920,2035,2150,2305",,"1035,1150,1305,1420,1535,1650,1805,1920,2035,2150,2305",,
sh_ca2,셜록홈즈 천안2호점,sh_ca2_3,인생은 실전이다 종만아,"인생은 실전이다 종만아,인실종",60,"1인 22,000원","1210,1325,1440,1555,1710,1825,1940,2055,2210,2320",,"1055,1210,1325,1440,1555,1710,1825,1940,2055,2210,2320",,
sh_ca2,셜록홈즈 천안2호점,sh_ca2_4,던전 : 비밀의 문,던전 : 비밀의 문,60,"1인 22,000원","1230,1345,1500,1615,1730,1845,2000,2115,2230",,"1115,1230,1345,1500,1615,1730,1845,2000,2115,2230",,
sh_cj,셜록홈즈 청주점,sh_cj1,반고흐의 방 (청주),반고흐의 방,60,"1인 22,000원","1215,1330,1445,1600,1715,1830,1945,2055,2205",,"1105,1215,1330,1445,1600,1715,1830,1945,2055,2205",,
sh_cj,셜록홈즈 청주점,sh_cj2,빛과 그림자 : 화이트의죽음2 (청주),빛과 그림자 : 화이트의죽음2,60,"1인 22,000원","1215,1330,1445,1600,1715,1830,1945,2055,2205",,"1105,1215,1330,1445,1600,1715,1830,1945,2055,2205",,
sh_cj,셜록홈즈 청주점,sh_cj3,도둑들 (청주),도둑들,60,"1인 22,000원","1215,1330,1445,1600,1715,1830,1945,2055,2205",,"1105,1215,1330,1445,1600,1715,1830,1945,2055,2205",,
sh_cj,셜록홈즈 청주점,sh_cj4,무속인 살인사건 (청주),무속인 살인사건,60,"1인 22,000원","1230,1345,1500,1615,1730,1845,1955,2105,2215",,"1115,1230,1345,1500,1615,1730,1845,1955,2105,2215",,
sh_cj,셜록홈즈 청주점,sh_cj5,크라임씬 (청주),크라임씬,60,"1인 22,000원","1230,1345,1500,1615,1730,1845,1955,2105,2215",,"1115,1230,1345,1500,1615,1730,1845,1955,2105,2215",,
sh_pt,셜록홈즈 평택점,sh_pt1,지옥의 배달부 (평택),지옥의 배달부,60,"1인 22,000원","1100,1215,1330,1445,1600,1715,1830,1945,2100,2215",,"1030,1145,1300,1415,1530,1645,1800,1915,2025,2135,2245",,
sh_pt,셜록홈즈 평택점,sh_pt2,도둑들 (평택),도둑들,60,"1인 22,000원","1100,1215,1330,1445,1600,1715,1830,1945,2100,2215",,"1030,1145,1300,1415,1530,1645,1800,1915,2025,2135,2245",,
sh_pt,셜록홈즈 평택점,sh_pt3,혼 : 원혼의 저주 (평택),혼 : 원혼의 저주,60,"1인 22,000원","1115,1230,1345,1500,1615,1730,1845,2000,2115,2225",,"1045,1200,1315,1430,1545,1700,1815,1930,2040,2150,2255",,
sh_pt,셜록홈즈 평택점,sh_pt4,미녀와 야수 (평택),미녀와 야수,60,"1인 22,000원","1115,1230,1345,1500,1615,1730,1845,2000,2115,2225",,"1045,1200,1315,1430,1545,1700,1815,1930,2040,2150,2255",,
sh_pt,셜록홈즈 평택점,sh_pt5,반고흐의 방 (평택),반고흐의 방,60,"1인 22,000원","1115,1230,1345,1500,1615,1730,1845,2000,2115,2225",,"1045,1200,1315,1430,1545,1700,1815,1930,2040,2150,2255",,
swj_sw,소우주,swj_sw1,풀문,풀문,75,"1인 25,000원","1225,1400,1535,1710,1845,2020,2155",,"1130,1305,1440,1615,1750,1925,2100,2235",,
swj_sw,소우주,swj_sw2,도고,도고,60,"1인 22,000원","1235,1355,1515,1635,1755,1915,2035,2200",,"1045,1205,1325,1445,1605,1725,1845,2005,2125,2245",,
swj_sw,소우주,swj_sw3,마지막 유산,마지막유산,60,"1인 22,000원","1315,1435,1555,1715,1835,1955,2115,2235",,"1120,1240,1400,1520,1640,1800,1920,2040,2200,2320",,
swj_sw,소우주,swj_sw4,영포에버,영포에버,70,"1인 24,000원","1305,1440,1615,1750,1925,2055,2225",,"1055,1225,1355,1525,1700,1835,2010,2140,2310",,
swj_sw,소우주,swj_sw5,"방과후 추리반 EP1, 여고생 살인사건","방과후추리반,여고생살인사건",70,"1인 24,000원","1250,1420,1550,1720,1850,2020,2150",,"1050,1220,1350,1520,1650,1820,1950,2120,2250",,
swj_sw,소우주,swj_sw6,"방과후 추리반 EP2, 여고생 실종사건","방과후추리반,여고생실종사건",70,"1인 24,000원","1220,1350,1520,1650,1820,1950,2120",,"1105,1235,1405,1535,1705,1835,2005,2135,2305",,
swj_sw,소우주,swj_sw7,SPIN-OFF,"SPIN-OFF,스핀오프",70,"1인 24,000원","1235,1405,1535,1705,1835,2005,2135",,"1035,1205,1335,1505,1635,1805,1935,2105,2235",,
swj_ig,소우주 인계갤러리점,swj_ig1,시간의 균열,시간의균열,70,"1인 27,000원","1345,1505,1625,1745,1905,2025,2145",,"1120,1245,1410,1535,1700,1825,1950,2115,2240",,
sv_kd1,솔버 1호점,sv_kd1_1,LUCID DREAM,"lucid dream,루시드드림,루드,자각몽",60,"1인 22,000원","1100,1210,1320,1430,1540,1650,1800,1910,2020,2130,2240",,"1100,1210,1320,1430,1540,1650,1800,1910,2020,2130,2240",,
sv_kd1,솔버 1호점,sv_kd1_2,COLD CASE,"cold case,콜드케이스,미제사건",60,"1인 22,000원","1110,1220,1330,1440,1550,1700,1810,1920,2030,2140,2250",,"1110,1220,1330,1440,1550,1700,1810,1920,2030,2140,2250",,
sv_kd1,솔버 1호점,sv_kd1_3,THE CAGE,"the cage,더케이지",60,"1인 22,000원","1120,1230,1340,1450,1600,1710,1820,1930,2040,2150,2300",,"1120,1230,1340,1450,1600,1710,1820,1930,2040,2150,2300",,
sv_kd2,솔버 2호점,sv_kd2_1,Dear Marsy,"dear marsy,디어마르시,디마",75,"1인 24,000원","1200,1330,1500,1630,1800,1930,2100,2230",,"1100,1230,1400,1530,1700,1830,2000,2130,2300",,
sv_kd2,솔버 2호점,sv_kd2_2,이층 복도 끝 화장실,"이층 복도 끝 화장실,이복화",75,"1인 24,000원","1215,1345,1515,1645,1815,1945,2115,2245",,"1115,1245,1415,1545,1715,1845,2015,2145,2315",,
sv_kd2,솔버 2호점,sv_kd2_3,무채색 인간,무채색인간,70,"1인 24,000원","1230,1400,1530,1700,1830,2000,2130,2300",,"1130,1300,1430,1600,1730,1900,2030,2200,2330",,
sr_hd,쇼룸 404,sr_hd1,한라아파트 4동 404호,"한라아파트4동404호,유튜버매화선녀",60,"1인 25,000원","1010,1120,1230,1340,1450,1600,1710,1820,1930,2040,2150",,"1010,1120,1230,1340,1450,1600,1710,1820,1930,2040,2150",,
sr_hd,쇼룸 404,sr_hd2,PIG,"PIG,피그",60,"1인 29,000원","1000,1105,1210,1315,1420,1525,1630,1735,1840,1945,2050,2155",,"1000,1105,1210,1315,1420,1525,1630,1735,1840,1945,2050,2155",,
sr_hd,쇼룸 404,sr_hd3,꼬치 진다,꼬치진다,60,"1인 24,000원","1035,1150,1305,1420,1535,1650,1805,1920,2035,2150",,"1035,1150,1305,1420,1535,1650,1805,1920,2035,2150",,
sr_hd,쇼룸 404,sr_hd4,블랙홀,블랙홀,60,"1인 24,000원","1030,1145,1300,1415,1530,1645,1800,1915,2030,2145",,"1030,1145,1300,1415,1530,1645,1800,1915,2030,2145",,
sw_lab,수원방탈출연구소,sw_lab1,귀신탐지기,"귀신탐지기,귀탐",60,"1인 24,000원","1350,1510,1710,1840,2020,2140",,"1110,1230,1345,1500,1620,1740,1855,2010,2130,2245",,
sw_lab,수원방탈출연구소,sw_lab2,마녀의 밤,"마녀의 밤,마밤",75,"1인 25,000원","1330,1350,1740,1950,2125",,"1125,1300,1435,1610,1745,1920,2050,2225",,
sw_lab,수원방탈출연구소,sw_lab3,Dear Teddy Bear,"dear teddy bear,디어테디베어",65,"1인 24,000원","1300,1430,1620,1800,1930,2100",,"1115,1240,1405,1530,1655,1825,1950,2115,2240",,
sw_lab,수원방탈출연구소,sw_lab4,LIFE CARE CENTER,"라이프케어센터,LIFE CARE CENTER",70,"1인 26,000원","1300,1500,1700,1900,2100",,"1120,1250,1420,1550,1730,1900,2030,2200",,
he_gj2,숨바꼭질 2호점,he_gj2_1,무죄2,무죄2,80,"1인 27,000원","1210,1420,1635,1845,2035,2215",,"1140,1325,1500,1645,1830,2025,2210",,
he_gj2,숨바꼭질 2호점,he_gj2_2,명당,명당,80,"1인 27,000원","1235,1435,1645,1855,2105,2240",,"1125,1255,1430,1605,1740,1915,2050,2225",,
he_gj2,숨바꼭질 2호점,he_gj2_3,재개발구역 : 관계자 외 출입금지,재개발구역 : 관계자 외 출입금지,70,"1인 27,000원","1130,1325,1535,1745,1955,2150",,"1100,1230,1400,1530,1700,1830,2000,2130,2255",,
he_gj2,숨바꼭질 2호점,he_gj2_4,호렵 : 범의 탈을 쓴 여우,호렵 : 범의 탈을 쓴 여우,90,"1인 36,000원","1115,1310,1505,1700,1850,2045,2240",,"1025,1215,1405,1555,1745,1935,2125,2315",,
he_gj3,숨바꼭질 3호점,he_gj3_1,종결사건,종결사건,90,"1인 31,000원","1020,1215,1410,1605,1800,1955,2150",,"1020,1215,1410,1605,1800,1955,2150",,
he_gj3,숨바꼭질 3호점,he_gj3_2,비공개모드,비공개모드,80,"1인 28,000원","1110,1310,1510,1700,1850,2040,2230",,"1110,1310,1510,1700,1850,2040,2230",,
he_gj,숨바꼭질 광주동구점,he_gj1,꽃배,꽃배,70,"1인 23,000원","1205,1330,1455,1620,1745,1910,2035,2200",,"1210,1340,1515,1645,1815,1940,2110,2240",,
he_gj,숨바꼭질 광주동구점,he_gj2,무죄_탈옥하려면 협력하라,무죄_탈옥하려면 협력하라,60,"1인 22,000원","1240,1405,1530,1655,1820,1945,2110,2225",,"1205,1325,1445,1605,1725,1845,2005,2125,2245",,
he_gj,숨바꼭질 광주동구점,he_gj3,인연_우린 인연이 아니었을까?,인연_우린 인연이 아니었을까?,60,"1인 22,000원","1210,1330,1450,1610,1730,1850,2010,2130,2250",,"1215,1335,1455,1615,1735,1855,2015,2135,2255",,
he_gj,숨바꼭질 광주동구점,he_gj4,손님_저택 그 곳은,손님_저택 그 곳은,60,"1인 22,000원","1255,1410,1535,1700,1815,1940,2105,2230",,"1230,1350,1510,1630,1750,1910,2030,2150,2310",,
str_mk,스토리메이커스,str_mk1,n (2023 ver.),"N,엔",180,"인원수에 따라 상이 (3~5인 / 195,000원 ~300,000원)","1100,1430,1800",,"1100,1430,1800",,"화, 수"
sp_es,스피키지,sp_es1,급X,"급X,급똥",65,"1인 23,000원","1035,1200,1325,1450,1615,1740,1905,2030,2155",,"1035,1200,1325,1450,1615,1740,1905,2030,2155",,
sp_es,스피키지,sp_es2,올림픽 시즌2 - 1988,"올림픽시즌2,1988",65,"1인 22,000원","1055,1220,1345,1510,1635,1800,1925,2050,2215",,"1055,1220,1345,1510,1635,1800,1925,2050,2215",,
gt_gj,시간의 문 광주점,gt_gj1,DKDK,DKDK,80,"1인 28,000원","1020,1155,1330,1505,1640,1815,1950,2125,2300",,"1020,1155,1330,1505,1640,1815,1950,2125,2300",,
gt_gj,시간의 문 광주점,gt_gj2,쇼쿠진 (광주),쇼쿠진,70,"1인 26,000원","0955,1120,1245,1410,1535,1700,1825,1950,2115,2240",,"0955,1120,1245,1410,1535,1700,1825,1950,2115,2240",,
gt_gj,시간의 문 광주점,gt_gj3,Chaser : 한마음 폐공장 (광주),"Chaser,한마음 폐공장",80,"1인 29,000원","1000,1135,1310,1445,1620,1755,1930,2105,2240",,"1000,1135,1310,1445,1620,1755,1930,2105,2240",,
gt_gj,시간의 문 광주점,gt_gj4,혼숨 (광주),혼숨,80,"1인 27,000원","1015,1150,1325,1500,1635,1810,1945,2120,2255",,"1015,1150,1325,1500,1635,1810,1945,2120,2255",,
gt_gj,시간의 문 광주점,gt_gj5,HERE I AM (광주),"HERE I AM,히얼아이엠",70,"1인 24,000원","1005,1130,1255,1420,1545,1710,1835,2000,2125,2250",,"1005,1130,1255,1420,1545,1710,1835,2000,2125,2250",,
gt_gj,시간의 문 광주점,gt_gj6,직박구리 : 남친탐구생활 (광주),직박구리 : 남친탐구생활,70,"1인 24,000원","1005,1130,1255,1420,1545,1710,1835,2000,2125,2250",,"1005,1130,1255,1420,1545,1710,1835,2000,2125,2250",,
gt_gj,시간의 문 광주점,gt_gj7,영안실 (광주),영안실,80,"1인 28,000원","1010,1145,1320,1455,1630,1805,1940,2115,2250",,"1010,1145,1320,1455,1630,1805,1940,2115,2250",,
gt_gj,시간의 문 광주점,gt_gj8,복도끝 : 못다恨이야기 (광주),복도끝 : 못다한이야기,80,"1인 28,000원","0950,1125,1300,1435,1610,1745,1920,2055,2230",,"0950,1125,1300,1435,1610,1745,1920,2055,2230",,
gt_gj,시간의 문 광주점,gt_gj9,이건 계획에 없었는디?,이건 계획에 없었는디?,80,"1인 29,000원","0955,1130,1305,1440,1615,1750,1925,2100,2235",,"0955,1130,1305,1440,1615,1750,1925,2100,2235",,
gt_dsr,시간의 문 대구동성로점,gt_dsr1,Chaser : 한마음 폐공장 (대구),"Chaser,한마음 폐공장",80,"1인 29,000원","1000,1135,1310,1445,1620,1755,1930,2105,2240",,"1000,1135,1310,1445,1620,1755,1930,2105,2240",,
gt_dsr,시간의 문 대구동성로점,gt_dsr2,영안실 (대구),영안실,80,"1인 28,000원","1005,1140,1315,1450,1625,1800,1935,2110,2245",,"1005,1140,1315,1450,1625,1800,1935,2110,2245",,
gt_dsr,시간의 문 대구동성로점,gt_dsr3,시크릿 왕국의 스캔들_완전판,"시크릿 왕국의 스캔들,시왕스",90,"1인 28,000원","1020,1205,1350,1535,1720,1905,2050,2235",,"1020,1205,1350,1535,1720,1905,2050,2235",,
gt_dsr,시간의 문 대구동성로점,gt_dsr4,혼숨 : 리마스터,혼숨 : 리마스터,80,"1인 27,000원","1010,1145,1320,1455,1630,1805,1940,2115,2250",,"1010,1145,1320,1455,1630,1805,1940,2115,2250",,
gt_dsr,시간의 문 대구동성로점,gt_dsr5,복도끝 : 못다恨이야기 (대구),복도끝 : 못다한이야기,80,"1인 28,000원","1015,1150,1325,1500,1635,1810,1945,2120,2255",,"1015,1150,1325,1500,1635,1810,1945,2120,2255",,
sgn_grs,시그널헌터 가로수길점,sgn_grs1,젠틀맨뱅크,젠틀맨뱅크,60,"1인 22,000원","1050,1210,1330,1450,1610,1730,1850,2010,2130,2250",,"1050,1210,1330,1450,1610,1730,1850,2010,2130,2250",,
sgn_grs,시그널헌터 가로수길점,sgn_grs2,신사 정육점,신사 정육점,60,"1인 22,000원","1100,1220,1340,1500,1620,1740,1900,2020,2140,2300",,"1100,1220,1340,1500,1620,1740,1900,2020,2140,2300",,
sgn_grs,시그널헌터 가로수길점,sgn_grs3,원상복귀,원상복귀,60,"1인 22,000원","1110,1230,1350,1510,1630,1750,1910,2030,2150,2310",,"1110,1230,1350,1510,1630,1750,1910,2030,2150,2310",,
sgn_grs,시그널헌터 가로수길점,sgn_grs4,엑소시즘 인 신사,엑소시즘 인 신사,60,"1인 22,000원","1040,1200,1320,1440,1600,1720,1840,2000,2120,2240",,"1040,1200,1320,1440,1600,1720,1840,2000,2120,2240",,
sgn_sw,시그널헌터 광교중앙점,sgn_sw1,G.GALLERY,"G.GALLERY,G.갤러리,지갤러리",60,"1인 22,000원","1100,1220,1340,1500,1620,1740,1900,2020,2140,2300",,"1100,1220,1340,1500,1620,1740,1900,2020,2140,2300",,
sgn_sw,시그널헌터 광교중앙점,sgn_sw2,서대문형무소,서대문형무소,60,"1인 22,000원","1120,1240,1400,1520,1640,1800,1920,2040,2200",,"1120,1240,1400,1520,1640,1800,1920,2040,2200",,
sgn_sw,시그널헌터 광교중앙점,sgn_sw3,추적자_그 남자의 방,"추적자,그 남자의 방",60,"1인 22,000원","1110,1230,1350,1510,1630,1750,1910,2030,2150",,"1110,1230,1350,1510,1630,1750,1910,2030,2150",,
sgn_sw,시그널헌터 광교중앙점,sgn_sw4,쥬라기 프로젝트,쥬라기 프로젝트,60,"1인 22,000원","1110,1230,1350,1510,1630,1750,1910,2030,2150",,"1110,1230,1350,1510,1630,1750,1910,2030,2150",,
sgn_sw,시그널헌터 광교중앙점,sgn_sw5,"The MUMMY, 시작","The MUMMY,시작,더머미",60,"1인 22,000원","1100,1220,1340,1500,1620,1740,1900,2020,2140,2300",,"1100,1220,1340,1500,1620,1740,1900,2020,2140,2300",,
sgn_dt,시그널헌터 동탄점,sgn_dt1,더 머미_The MUMMY,"더 머미,The MUMMY",60,"1인 22,000원","1120,1240,1400,1520,1640,1800,1920,2040,2200",,"1120,1240,1400,1520,1640,1800,1920,2040,2200",,
sgn_dt,시그널헌터 동탄점,sgn_dt2,증발,증발,60,"1인 22,000원","1100,1220,1340,1500,1620,1740,1900,2020,2140,2300",,"1100,1220,1340,1500,1620,1740,1900,2020,2140,2300",,
sgn_dt,시그널헌터 동탄점,sgn_dt3,인생극장,인생극장,60,"1인 22,000원","1100,1220,1340,1500,1620,1740,1900,2020,2140,2300",,"1100,1220,1340,1500,1620,1740,1900,2020,2140,2300",,
sgn_dt,시그널헌터 동탄점,sgn_dt4,엑스파일_X-FILE,"엑스파일,X-FILE",60,"1인 22,000원","1110,1230,1350,1510,1630,1750,1910,2030,2150",,"1110,1230,1350,1510,1630,1750,1910,2030,2150",,
sgn_dt,시그널헌터 동탄점,sgn_dt5,닥터좀비_Doctor Zombie,"닥터좀비,Doctor Zombie",60,"1인 22,000원","1110,1230,1350,1510,1630,1750,1910,2030,2150",,"1110,1230,1350,1510,1630,1750,1910,2030,2150",,
cc_hd,시크릿코드 홍대점,cc_hd1,백마교의 최후,백마교의 최후,60,"1인 22,000원","1320,1425,1535,1645,1755,1905,2015",,"1215,1320,1425,1535,1645,1755,1905,2015",,
cc_hd,시크릿코드 홍대점,cc_hd2,제페토,제페토,60,"1인 22,000원","1305,1410,1520,1630,1740,1850,2000,2100",,"1200,1305,1410,1520,1630,1740,1850,2000,2100",,
cc_hd,시크릿코드 홍대점,cc_hd3,독립군,독립군,60,"1인 22,000원","1300,1405,1510,1620,1730,1840,1950,2100",,"1200,1300,1405,1510,1620,1730,1840,1950,2100",,
cc_hd,시크릿코드 홍대점,cc_hd4,조난자들,조난자들,60,"1인 22,000원","1315,1420,1530,1640,1750,1900,2010",,"1210,1315,1420,1530,1640,1750,1900,2010",,
cc_hd,시크릿코드 홍대점,cc_hd5,미션,미션,60,"1인 22,000원","1310,1415,1525,1635,1745,1855,2000,2100",,"1205,1310,1415,1525,1635,1745,1855,2000,2100",,
sc_ppl,신촌퍼플릭,sc_ppl1,SCENE : 404 not found,"씬404,SCENE404,NOT FOUND",70,"1인 24,000원","1245,1415,1545,1710,1840,2010,2140,2310",,"1110,1240,1410,1540,1710,1840,2010,2140,2310",,수
sc_ppl,신촌퍼플릭,sc_ppl2,인투더와일드,인투더와일드,60,"1인 22,000원","1215,1330,1445,1550,1705,1820,1935,2050,2205,2310",,"1050,1205,1320,1435,1550,1705,1820,1935,2050,2205,2310",,수
sc_ppl,신촌퍼플릭,sc_ppl3,그도 그럴 것이다,그도그럴것이다,60,"1인 22,000원","1215,1330,1445,1550,1710,1830,1950,2110,2230",,"1100,1220,1340,1500,1620,1740,1900,2020,2140,2300",,수
se_gn,싸인이스케이프 강남시티점,se_gn1,러너웨이,러너웨이,75,"1인 27,000원","1120,1305,1450,1635,1820,2005,2150",,"1045,1225,1405,1545,1725,1905,2045,2225",,
se_gn,싸인이스케이프 강남시티점,se_gn2,MUST,"MUST,머스트",40,"1인 15,000원","1100,1315,1500,1645,1830,2015,2200",,"1000,1140,1320,1500,1640,1820,2000,2140",,
se_gn,싸인이스케이프 강남시티점,se_gn3,EXPRESS,"EXPRESS,익스프레스",75,"1인 27,000원","1030,1215,1400,1545,1730,1915,2100",,"1055,1235,1415,1555,1735,1915,2055,2235",,
se_ss,싸인이스케이프 상수점,se_ss1,원티드,원티드,70,"1인 28,000원","1130,1230,1330,1430,1530,1630,1730,1830,1930,2030,2130",,"0920,1020,1120,1220,1320,1420,1520,1620,1720,1820,1920,2020,2120,2220",,
se_sw,싸인이스케이프 성대역점,se_sw1,자멜신부의 비밀,자멜신부의비밀,60,"1인 22,000원","1320,1440,1600,1720,1840,2000,2120",,"1320,1440,1600,1720,1840,2000,2120",,
se_sw,싸인이스케이프 성대역점,se_sw2,Awakening_각성,"Awakening,각성",60,"1인 22,000원","1340,1520,1640,1800,1920,2040,2200",,"1340,1520,1640,1800,1920,2040,2200",,
se_sw,싸인이스케이프 성대역점,se_sw3,고시텔(3층),"고시텔,3층",60,"1인 22,000원","1330,1450,1610,1730,1850,2010,2130",,"1330,1450,1610,1730,1850,2010,2130",,
se_sw,싸인이스케이프 성대역점,se_sw4,Depression_우울증,"Depression,우울증",60,"1인 22,000원","1310,1430,1550,1710,1830,1950,2110",,"1310,1430,1550,1710,1830,1950,2110",,
se_sw,싸인이스케이프 성대역점,se_sw5,Intern_인턴,"Intern,인턴",60,"1인 22,000원","1350,1510,1630,1750,1910,2030,2150",,"1350,1510,1630,1750,1910,2030,2150",,
se_hd,싸인이스케이프 홍대점,se_hd1,거상,거상,75,"1인 26,000원","1120,1300,1440,1620,1800,1940,2120",,"1030,1210,1350,1530,1710,1850,2030,2210",,
se_hd,싸인이스케이프 홍대점,se_hd2,졸업,졸업,60,"1인 23,000원","1140,1310,1450,1630,1810,1950,2130",,"1100,1230,1355,1515,1635,1755,1915,2040,2200",,
se_hd,싸인이스케이프 홍대점,se_hd3,하이팜,하이팜,60,"1인 23,000원","1130,1250,1410,1530,1650,1810,1930,2050,2210",,"1050,1220,1340,1500,1620,1740,1900,2020,2140",,
epsd_gn,에피소드 방탈출 강남점,epsd_gn1,귀문귀담,귀문귀담,75,"1인 25,000원","1205,1330,1500,1630,1800,1930,2100,2230",,"1205,1330,1500,1630,1800,1930,2100,2230",,
epsd_gn,에피소드 방탈출 강남점,epsd_gn2,메아리,메아리,75,"1인 25,000원","1140,1310,1440,1610,1740,1910,2040,2210",,"1140,1310,1440,1610,1740,1910,2040,2210",,
epsd_gn,에피소드 방탈출 강남점,epsd_gn3,그래서 님 몇방?,"그래서 님 몇방?,그님몇",60,"1인 22,000원","1210,1320,1430,1540,1650,1800,1910,2020,2130,2240",,"1210,1320,1430,1540,1650,1800,1910,2020,2130,2240",,
epsd_sh,에피소드 방탈출 분당점,epsd_sh1,소녀괴담,소녀괴담,60,"1인 22,000원","1205,1320,1440,1600,1720,1840,2000,2120,2240",,"1205,1320,1440,1600,1720,1840,2000,2120,2240",,
epsd_sh,에피소드 방탈출 분당점,epsd_sh2,파파라치,파파라치,60,"1인 22,000원","1210,1330,1450,1610,1730,1850,2010,2130,2250",,"1210,1330,1450,1610,1730,1850,2010,2130,2250",,
epsd_sh,에피소드 방탈출 분당점,epsd_sh3,이레이저,이레이저,60,"1인 22,000원","1220,1340,1500,1620,1740,1900,2020,2140,2300",,"1220,1340,1500,1620,1740,1900,2020,2140,2300",,
epsd_sh,에피소드 방탈출 분당점,epsd_sh4,럭키가이,럭키가이,60,"1인 22,000원","1205,1320,1440,1600,1720,1840,2000,2120,2240",,"1205,1320,1440,1600,1720,1840,2000,2120,2240",,
epsd_sh,에피소드 방탈출 분당점,epsd_sh5,데이드림,데이드림,60,"1인 22,000원","1205,1320,1440,1600,1720,1840,2000,2120,2240",,"1210,1330,1450,1610,1730,1850,2010,2130,2250",,
ep_lg,에필로그,ep_lg1,Monday Night,"Monday Night,먼데이나이트",80,"1인 29,000원","1010,1150,1330,1510,1650,1830,2010,2150",,"1010,1150,1330,1510,1650,1830,2010,2150",,
ep_lg,에필로그,ep_lg2,STAGE,"STAGE,스테이지",80,"1인 30,000원","1000,1130,1310,1450,1630,1810,1950,2130",,"1000,1130,1310,1450,1630,1810,1950,2130",,
ep_lg,에필로그,ep_lg3,다섯 번째 밤,다섯 번째 밤,80,"1인 28,000원","1030,1215,1400,1550,1740,1930,2120",,"1030,1215,1400,1550,1740,1930,2120",,
ep_lg,에필로그,ep_lg4,Memory,"Memory,메모리",60,"1인 20,000원","1140,1300,1420,1540,1650,1800",,"1140,1300,1420,1540,1650,1800",,
ed_gn,엑소더스 강남1호점,ed_gn1,CLAIM,"CLAIM,클레임",70,"1인 28,000원","1605,1735,1905,2035,2205","1300,1430,1600,1730,1900,2030,2200","1000,1130,1300,1430,1600,1730,1900,2030,2200",,
ed_gn,엑소더스 강남1호점,ed_gn2,WISH (강남),"WISH,위시",75,"1인 30,000원","1555,1710,1810,1910,2010,2110,2210","1310,1410,1510,1610,1710,1810,1910,2010,2110,2210","1010,1110,1210,1310,1410,1510,1610,1710,1810,1910,2010,2110,2210",,
xcp_kd,엑스케이프 건대점,xcp_kd1,짜불성설,짜불성설,75,"1인 27,000원","1340,1510,1810,1940,2110",,"1340,1510,1810,1940,2110",,
xcp_kd,엑스케이프 건대점,xcp_kd2,이도공간,이도공간,60,"1인 22,000원","1305,1420,1805,1920,2035",,"1305,1420,1805,1920,2035",,
xcp_kd,엑스케이프 건대점,xcp_kd3,501동사람들 (건대),501동사람들,70,"1인 25,000원","1330,1455,1910,2035",,"1330,1455,1910,2035",,
xcp_kd,엑스케이프 건대점,xcp_kd4,숨바꼭질 (건대),숨바꼭질,60,"1인 22,000원","1300,1415,1800,1915,2030",,"1300,1415,1800,1915,2030",,
xcp_sw,엑스케이프 수원점,xcp_sw1,인지상점,인지상점,70,"1인 25,000원","1635,1800,2050,2215","1510,1635,1800,2050,2215","1220,1345,1510,1635,1800,2050,2215",,
xcp_sw,엑스케이프 수원점,xcp_sw2,기묘한날개짓,기묘한날개짓,60,"1인 22,000원","1625,1740,2010,2125","1510,1625,1740,2010,2125","1240,1355,1510,1625,1740,2010,2125",,
xcp_sw,엑스케이프 수원점,xcp_sw3,제물의 밤,제물의 밤,60,"1인 22,000원","1630,1745,2015,2130","1515,1630,1745,2015,2130","1245,1400,1515,1630,1745,2015,2130",,
xcp_sw,엑스케이프 수원점,xcp_sw4,501동사람들 (수원),501동사람들,70,"1인 25,000원","1645,1935,2100,2225","1520,1645,1935,2100,2225","1230,1355,1520,1645,1935,2100,2225",,
xcp_sw,엑스케이프 수원점,xcp_sw5,숨바꼭질 (수원),숨바꼭질,60,"1인 22,000원","1640,1755,2025,2140","1525,1640,1755,2025,2140","1255,1410,1525,1640,1755,2025,2140",,
xcp_hd,엑스케이프 홍대점,xcp_hd1,녹_The Rust,"녹,The Rust",60,"1인 22,000원","1000,1120,1240,1400,1520,1640,1800,1920,2040,2200,2320",,"1000,1120,1240,1400,1520,1640,1800,1920,2040,2200,2320",,
xcp_hd,엑스케이프 홍대점,xcp_hd2,더 다이스 룸_The Dice Room,"더 다이스 룸,The Dice Room",60,"1인 22,000원","1020,1140,1300,1420,1540,1700,1820,1940,2100,2220,2340",,"1020,1140,1300,1420,1540,1700,1820,1940,2100,2220,2340",,
xcp_hd,엑스케이프 홍대점,xcp_hd3,고요의기지_Base of Tranquility,"고요의기지,Base of Tranquility",60,"1인 22,000원","1040,1200,1320,1440,1600,1720,1840,2000,2120,2240,2400",,"1040,1200,1320,1440,1600,1720,1840,2000,2120,2240,2400",,
xcp_hd,엑스케이프 홍대점,xcp_hd4,그남자 그여자_The Love Story,"그남자 그여자,The Love Story",60,"1인 22,000원","1000,1120,1240,1400,1520,1640,1800,1920,2040,2200,2320",,"1000,1120,1240,1400,1520,1640,1800,1920,2040,2200,2320",,
xcp_hd,엑스케이프 홍대점,xcp_hd5,육식주의자_The Carnivalist,"육식주의자,The Carnivalist",60,"1인 22,000원","1020,1140,1300,1420,1540,1700,1820,1940,2100,2220,2340",,"1020,1140,1300,1420,1540,1700,1820,1940,2100,2220,2340",,
xcp_hd,엑스케이프 홍대점,xcp_hd6,버지니아 란제리샵_Virginia Lingerie Shop,"버지니아 란제리샵,Virginia Lingerie Shop",60,"1인 22,000원","1040,1200,1320,1440,1600,1720,1840,2000,2120,2240,2400",,"1040,1200,1320,1440,1600,1720,1840,2000,2120,2240,2400",,
etp_d,엔터팟 1호점,etp_d1,비공식수사,비공식수사,180,"1인 80,000원 (3~5인)","1400,1600,1800,2000",,"0930,1130,1330,1530,1730,1930,2130",,
ohp_gn,오늘의 한 페이지,ohp_gn1,BUDDY_버디,"BUDDY,버디",65,"1인 29,000원","0940,1050,1200,1310,1420,1530,1640,1750,1900,2010,2120,2240",,"0940,1050,1200,1310,1420,1530,1640,1750,1900,2010,2120,2240",,
ohp_gn,오늘의 한 페이지,ohp_gn2,용하다 용해!! 용팔도령,용하다용해용팔도령,90,"1인 35,000원","0930,1035,1140,1245,1350,1455,1600,1705,1810,1915,2020,2125,2230",,"0930,1035,1140,1245,1350,1455,1600,1705,1810,1915,2020,2125,2230",,
otv_dsr,오렌지티비 대구동성로점,otv_dsr1,돈마니,돈마니,60,"1인 16,000원","1140,1300,1420,1540,1700,1820,1940,2100,2220",,"1140,1300,1420,1540,1700,1820,1940,2100,2220",,
otv_dsr,오렌지티비 대구동성로점,otv_dsr10,유토피아,유토피아,60,"1인 16,000원","1110,1230,1350,1510,1630,1750,1910,2030,2150",,"1110,1230,1350,1510,1630,1750,1910,2030,2150",,
otv_dsr,오렌지티비 대구동성로점,otv_dsr11,리버사이드 호텔 살인사건,리버사이드 호텔 살인사건,60,"1인 16,000원","1110,1230,1350,1510,1630,1750,1910,2030,2150",,"1110,1230,1350,1510,1630,1750,1910,2030,2150",,
otv_dsr,오렌지티비 대구동성로점,otv_dsr12,광수대,광수대,60,"1인 16,000원","1110,1230,1350,1510,1630,1750,1910,2030,2150",,"1110,1230,1350,1510,1630,1750,1910,2030,2150",,
otv_dsr,오렌지티비 대구동성로점,otv_dsr2,화동래전,화동래전,60,"1인 16,000원","1140,1300,1420,1540,1700,1820,1940,2100,2220",,"1140,1300,1420,1540,1700,1820,1940,2100,2220",,
otv_dsr,오렌지티비 대구동성로점,otv_dsr3,구해줘홈즈,구해줘홈즈,60,"1인 16,000원","1140,1300,1420,1540,1700,1820,1940,2100,2220",,"1140,1300,1420,1540,1700,1820,1940,2100,2220",,
otv_dsr,오렌지티비 대구동성로점,otv_dsr4,더 레이븐 : 복수의 시작,더 레이븐 : 복수의 시작,60,"1인 16,000원","1130,1250,1410,1530,1650,1810,1930,2050,2210",,"1130,1250,1410,1530,1650,1810,1930,2050,2210",,
otv_dsr,오렌지티비 대구동성로점,otv_dsr5,무드셀라,무드셀라,60,"1인 16,000원","1130,1250,1410,1530,1650,1810,1930,2050,2210",,"1130,1250,1410,1530,1650,1810,1930,2050,2210",,
otv_dsr,오렌지티비 대구동성로점,otv_dsr6,라면왕,라면왕,60,"1인 16,000원","1130,1250,1410,1530,1650,1810,1930,2050,2210",,"1130,1250,1410,1530,1650,1810,1930,2050,2210",,
otv_dsr,오렌지티비 대구동성로점,otv_dsr7,1672,1672,60,"1인 16,000원","1120,1240,1400,1520,1640,1800,1920,2040,2200",,"1120,1240,1400,1520,1640,1800,1920,2040,2200",,
otv_dsr,오렌지티비 대구동성로점,otv_dsr8,에그머니나!,에그머니나!,60,"1인 16,000원","1120,1240,1400,1520,1640,1800,1920,2040,2200",,"1120,1240,1400,1520,1640,1800,1920,2040,2200",,
otv_dsr,오렌지티비 대구동성로점,otv_dsr9,심판,심판,60,"1인 16,000원","1120,1240,1400,1520,1640,1800,1920,2040,2200",,"1120,1240,1400,1520,1640,1800,1920,2040,2200",,
otv_dj,오렌지티비 대전은행점,otv_dj1,돈마니,돈마니,60,"1인 16,000원","1120,1250,1420,1550,1720,1850,2020,2140",,"1120,1250,1420,1550,1720,1850,2020,2140",,
otv_dj,오렌지티비 대전은행점,otv_dj10,유토피아,유토피아,60,"1인 16,000원","1130,1300,1430,1600,1730,1900,2030,2150",,"1130,1300,1430,1600,1730,1900,2030,2150",,
otv_dj,오렌지티비 대전은행점,otv_dj11,리버사이드 호텔 살인사건,리버사이드 호텔 살인사건,60,"1인 16,000원","1110,1240,1410,1540,1710,1840,2010,2130",,"1110,1240,1410,1540,1710,1840,2010,2130",,
otv_dj,오렌지티비 대전은행점,otv_dj12,광수대,광수대,60,"1인 16,000원","1130,1300,1430,1600,1730,1900,2030,2150",,"1130,1300,1430,1600,1730,1900,2030,2150",,
otv_dj,오렌지티비 대전은행점,otv_dj2,화동래전,화동래전,60,"1인 16,000원","1120,1250,1420,1550,1720,1850,2020,2140",,"1120,1250,1420,1550,1720,1850,2020,2140",,
otv_dj,오렌지티비 대전은행점,otv_dj3,구해줘홈즈,구해줘홈즈,60,"1인 16,000원","1110,1240,1410,1540,1710,1840,2010,2130",,"1110,1240,1410,1540,1710,1840,2010,2130",,
otv_dj,오렌지티비 대전은행점,otv_dj4,더 레이븐 : 복수의 시작,더 레이븐 : 복수의 시작,60,"1인 16,000원","1110,1240,1410,1540,1710,1840,2010,2130",,"1110,1240,1410,1540,1710,1840,2010,2130",,
otv_dj,오렌지티비 대전은행점,otv_dj5,무드셀라,무드셀라,60,"1인 16,000원","1140,1310,1440,1610,1740,1910,2040,2200",,"1140,1310,1440,1610,1740,1910,2040,2200",,
otv_dj,오렌지티비 대전은행점,otv_dj6,라면왕,라면왕,60,"1인 16,000원","1120,1250,1420,1550,1720,1850,2020,2140",,"1120,1250,1420,1550,1720,1850,2020,2140",,
otv_dj,오렌지티비 대전은행점,otv_dj7,1672,1672,60,"1인 16,000원","1140,1310,1440,1610,1740,1910,2040,2200",,"1140,1310,1440,1610,1740,1910,2040,2200",,
otv_dj,오렌지티비 대전은행점,otv_dj8,에그머니나!,에그머니나!,60,"1인 16,000원","1130,1300,1430,1600,1730,1900,2030,2150",,"1130,1300,1430,1600,1730,1900,2030,2150",,
otv_dj,오렌지티비 대전은행점,otv_dj9,심판,심판,60,"1인 16,000원","1140,1310,1440,1610,1740,1910,2040,2200",,"1140,1310,1440,1610,1740,1910,2040,2200",,
osm_hd,오아시스 뮤지엄,osm_hd1,업사이드 다운,"업사이드다운,업사다",75,"1인 28,000원","0950,1130,1310,1450,1630,1810,1950,2130",,"0950,1130,1310,1450,1630,1810,1950,2130",,
osm_hd,오아시스 뮤지엄,osm_hd2,미씽 삭스 미스터리,"미씽삭스미스터리,미삭미,미싹미",65,"1인 27,000원","1010,1140,1300,1430,1550,1720,1840,2010,2140",,"1010,1140,1300,1430,1550,1720,1840,2010,2140",,
osm_hd,오아시스 뮤지엄,osm_hd3,BÆD TIME_배드타임,"BÆDTIME,배드타임,BAED TIME,밷타",75,"1인 32,000원 (3~6인)","1000,1140,1320,1500,1640,1820,2000,2140",,"1000,1140,1320,1500,1640,1820,2000,2140",,
osm_hd,오아시스 뮤지엄,osm_hd4,HIGH MAX_하이맥스,"HIGH MAX,하이맥스,하맥",130,"인원수에 따라 상이 (2~6인 / 120,000원 ~ 246,000원)","0950,1235,1515,1800,2040",,"0950,1235,1515,1800,2040",,
wtw_esc,월투월방탈출 서울대입구점,wtw_esc1,마법사의 세계,마법사의 세계,60,"1인 22,000원","1320,1440,1600,1720,1840,2000,2110",,"1200,1320,1440,1600,1720,1840,2000,2110,2210",,
wtw_esc,월투월방탈출 서울대입구점,wtw_esc2,지하감옥,지하감옥,60,"1인 22,000원","1320,1440,1600,1720,1840,2000,2110",,"1200,1320,1440,1600,1720,1840,2000,2110,2210",,
wtw_esc,월투월방탈출 서울대입구점,wtw_esc3,드림인베이더,드림인베이더,60,"1인 22,000원","1320,1440,1600,1720,1840,2000,2110",,"1200,1320,1440,1600,1720,1840,2000,2110,2210",,
wtw_esc,월투월방탈출 서울대입구점,wtw_esc4,도둑놈,도둑놈,60,"1인 22,000원","1400,1520,1640,1800,1920,2040",,"1200,1330,1500,1630,1800,1930,2100",,
wtw_esc,월투월방탈출 서울대입구점,wtw_esc5,이상한 나라의 초대,이상한 나라의 초대,60,"1인 22,000원","1330,1450,1610,1730,1850,2010,2120",,"1210,1330,1450,1610,1730,1850,2010,2120,2220",,
wy_hd,위욜,wy_hd1,디어 마이 프렌드,"디어마이프렌드,디마프",70,"1인 27,000원","1310,1440,1610,1740,1910,2040,2210",,"1050,1220,1345,1510,1635,1800,1925,2050,2215",,
wy_hd,위욜,wy_hd2,즐거운 나의 집,"즐거운나의집,즐나집",60,"1인 25,000원","1330,1500,1630,1800,1930,2100,2230",,"1030,1150,1305,1420,1535,1650,1810,1935,2100,2220",,
wy_hd,위욜,wy_hd3,히든오퍼,히든오퍼,70,"1인 29,000원","1300,1430,1600,1730,1900,2030,2200",,"1040,1210,1335,1500,1625,1750,1915,2040,2205",,
er8_gn,이룸에이트,er8_gn1,GO IN_고인,"고인,GO IN",60,"1인 23,000원","1155,1305,1415,1525,1635,1745,1855,2005,2115,2225",,"1045,1155,1305,1415,1525,1635,1745,1855,2005,2115,2225",,
er8_gn,이룸에이트,er8_gn2,민초,민초,60,"1인 23,000원","1200,1310,1420,1530,1640,1750,1900,2010,2120,2230",,"1050,1200,1310,1420,1530,1640,1750,1900,2010,2120,2230",,
er8_gn,이룸에이트,er8_gn3,고령화사회,고령화사회,60,"1인 23,000원","1210,1320,1430,1540,1650,1800,1910,2020,2130,2240",,"1100,1210,1320,1430,1540,1650,1800,1910,2020,2130,2240",,
er8_gn,이룸에이트,er8_gn4,아이엠유튜버,아이엠유튜버,60,"1인 23,000원","1215,1325,1435,1545,1655,1805,1915,2025,2135,2245",,"1105,1215,1325,1435,1545,1655,1805,1915,2025,2135,2245",,
er8_gn,이룸에이트,er8_gn5,STACY_스테이시,STACY_스테이시,60,"1인 23,000원","1220,1330,1440,1550,1700,1810,1920,2030,2140,2250",,"1110,1220,1330,1440,1550,1700,1810,1920,2030,2140,2250",,
er8_gn,이룸에이트,er8_gn6,낙원,낙원,60,"1인 23,000원","1225,1335,1445,1555,1705,1815,1925,2035,2145,2255",,"1115,1225,1335,1445,1555,1705,1815,1925,2035,2145,2255",,
er8_gn,이룸에이트,er8_gn7,죽지않아,죽지않아,60,"1인 23,000원","1230,1340,1450,1600,1710,1820,1930,2040,2150,2300",,"1120,1230,1340,1450,1600,1710,1820,1930,2040,2150,2300",,
er8_gn,이룸에이트,er8_gn8,착한사람,착한사람,60,"1인 23,000원","1205,1315,1425,1535,1645,1755,1905,2015,2125,2235",,"1055,1205,1315,1425,1535,1645,1755,1905,2015,2125,2235",,
ecp_dj,이스케이퍼스 AFSC,ecp_dj1,The Bunker_더 벙커,더벙커,60,"1인 23,000원","1110,1230,1350,1510,1630,1750,1910,2030,2150",,"1010,1130,1250,1410,1530,1650,1810,1930,2050,2210",,
ecp_dj,이스케이퍼스 AFSC,ecp_dj2,Pok ta'Pok jail_포타폭 감옥,포타폭감옥,60,"1인 23,000원","1120,1240,1400,1520,1640,1800,1920,2040,2200",,"1020,1140,1300,1420,1540,1700,1820,1940,2100,2220",,
ecp_dj,이스케이퍼스 AFSC,ecp_dj3,Trivial Superpower_하찮은 초능력,하찮은초능력,60,"1인 23,000원","1130,1250,1410,1530,1650,1810,1930,2050,2210",,"1030,1150,1310,1430,1550,1710,1830,1950,2110,2230",,
ecp_dj,이스케이퍼스 AFSC,ecp_dj4,The Invitation_초대 : 꿈꾸는 아이,초대:꿈꾸는아이,60,"1인 23,000원","1140,1300,1420,1540,1700,1820,1940,2100,2220",,"1040,1200,1320,1440,1600,1720,1840,2000,2120,2240",,
ecp_dj,이스케이퍼스 AFSC,ecp_dj5,My Flush Doll_나의 애착인형,나의애착인형,70,"1인 28,000원","1125,1255,1425,1555,1725,1855,2025,2155",,"1025,1155,1325,1455,1625,1755,1925,2055,2225",,
ecp_dj,이스케이퍼스 AFSC,ecp_dj6,Tartaros Hospital_야간당직,야간당직,70,"1인 28,000원","1105,1235,1405,1535,1705,1835,2005,2135",,"1005,1135,1305,1435,1605,1735,1905,2035,2205",,
ecp_dsr,이스케이퍼스 대구동성로점,ecp_dsr1,멍스타그램 (대구),멍스타그램,60,"1인 22,500원","1300,1420,1540,1700,1820,1940,2100,2220",,"1210,1330,1450,1610,1730,1850,2010,2130,2250",,
ecp_dsr,이스케이퍼스 대구동성로점,ecp_dsr2,웰컴 투 캔디샵,웰컴투캔디샵,60,"1인 22,500원","1230,1350,1510,1630,1750,1910,2030,2150",,"1130,1250,1410,1525,1640,1755,1910,2025,2140,2300",,
ecp_dsr,이스케이퍼스 대구동성로점,ecp_dsr3,Phone booth폰부스,폰부스,60,"1인 22,500원","1310,1430,1550,1710,1830,1950,2110,2230",,"1140,1300,1420,1535,1650,1805,1920,2035,2150,2310",,
ecp_dsr,이스케이퍼스 대구동성로점,ecp_dsr4,Don't think_돈싱크,돈싱크,60,"1인 22,500원","1250,1410,1530,1650,1810,1930,2050,2210",,"1200,1320,1440,1600,1720,1840,2000,2120,2240",,
ecp_dsr,이스케이퍼스 대구동성로점,ecp_dsr5,CIRCUS_서커스 : 동성극단의 사정,"서커스,동성극단의사정",60,"1인 22,500원","1240,1400,1520,1640,1800,1920,2040,2200",,"1150,1310,1425,1550,1710,1830,1950,2110,2230",,
ecp_dsr,이스케이퍼스 대구동성로점,ecp_dsr6,Catch Me If You Can_끝까지 간다,끝까지간다,75,"1인 25,000원","1220,1400,1540,1720,1900,2040,2220",,"1120,1300,1440,1620,1800,1935,2115,2255",,
ecp_hd1,이스케이퍼스 홍대1호점,ecp_hd1_1,The Circus_서커스 : 공중그네,"서커스,공중그네",60,"1인 22,000원","1240,1410,1540,1710,1840,2010,2150",,"1110,1240,1410,1550,1730,1900,2030,2210",,
ecp_hd1,이스케이퍼스 홍대1호점,ecp_hd1_2,The Psychometry_싸이코메트리,싸이코메트리,60,"1인 22,000원","1250,1420,1540,1700,1820,1940,2100,2220",,"1120,1250,1420,1540,1700,1820,1940,2100,2220",,
ecp_hd1,이스케이퍼스 홍대1호점,ecp_hd1_3,RS ROOM_RS의 밀실,RS의밀실,60,"1인 22,000원","1220,1340,1500,1620,1740,1900,2020,2140",,"1100,1220,1340,1500,1620,1740,1920,2040,2200",,
ecp_hd1,이스케이퍼스 홍대1호점,ecp_hd1_4,The Red-Headed League_붉은머리연맹,붉은머리연맹,60,"1인 22,000원","1220,1340,1500,1620,1740,1900,2020,2140",,"1100,1220,1340,1500,1620,1740,1920,2040,2200",,
ecp_hd1,이스케이퍼스 홍대1호점,ecp_hd1_5,Live_라이브,라이브,80,"1인 27,000원","1330,1520,1720,1910,2100",,"1130,1330,1520,1720,1910,2120",,
ecp_hd2,이스케이퍼스 홍대2호점,ecp_hd2_1,네모네모 마믈메는 무슨밀미 밌멌믈까?,네모네모마믈메는무슨밀미밌멌믈까?,60,"1인 23,000원","1310,1430,1545,1700,1815,1930,2045,2200",,"1100,1210,1320,1430,1545,1700,1815,1930,2045,2200",,
ecp_hd2,이스케이퍼스 홍대2호점,ecp_hd2_2,멍스타그램 (홍대),멍스타그램,60,"1인 23,000원","1330,1450,1605,1720,1835,1950,2105,2220",,"1110,1220,1335,1450,1610,1730,1845,2000,2115,2230",,
ecp_hd2,이스케이퍼스 홍대2호점,ecp_hd2_3,인생낚시,"인생낚시,인낚",60,"1인 23,000원","1230,1400,1530,1650,1810,1940,2100,2230",,"1130,1250,1410,1540,1700,1840,2000,2130",,
ecp_hd2,이스케이퍼스 홍대2호점,ecp_hd2_4,"만약, 당신이 길을 잃었다면","만약당신이길을잃었다면,만당길",90,"1인 23,000원","1140,1320,1520,1710,1850,2030",,"1200,1340,1520,1710,1850,2030",,
ecp_hd2,이스케이퍼스 홍대2호점,ecp_hd2_5,Terraforming MARS_테라포밍마스,"테라포밍마스,테포마",137,"1인 46,000원","1300,1500,1700,1900,2100",,"1100,1300,1500,1700,1900,2100",,
ecs_kd,이스케이프# 건대점,ecs_kd1,고양학개론,고양학개론,60,"1인 23,000원","1110,1225,1340,1455,1610,1725,1840,1955,2110,2225",,"1110,1225,1340,1455,1610,1725,1840,1955,2110,2225",,
ecs_kd,이스케이프# 건대점,ecs_kd2,캠프Ing,"캠프Ing,캠핑",65,"1인 24,000원","1115,1235,1355,1520,1645,1805,1925,2045,2205",,"1115,1235,1355,1520,1645,1805,1925,2045,2205",,
ecs_kd,이스케이프# 건대점,ecs_kd3,옥순양갱,옥순양갱,70,"1인 25,000원","1100,1225,1350,1515,1640,1805,1930,2055,2220",,"1100,1225,1350,1515,1640,1805,1930,2055,2220",,
ecs_kd,이스케이프# 건대점,ecs_kd4,철수네 수퍼,"철수네수퍼,철수네슈퍼",60,"1인 23,000원","1100,1215,1330,1445,1600,1715,1830,1945,2100,2215",,"1100,1215,1330,1445,1600,1715,1830,1945,2100,2215",,
ecs_kd,이스케이프# 건대점,ecs_kd5,오메가,오메가,75,"1인 28,000원","1135,1305,1435,1605,1735,1905,2035,2205",,"1135,1305,1435,1605,1735,1905,2035,2205",,
ecs_kd,이스케이프# 건대점,ecs_kd6,더 라스트 노트,더라스트노트,60,"1인 23,000원","1115,1230,1345,1500,1615,1730,1845,2000,2115,2230",,"1115,1230,1345,1500,1615,1730,1845,2000,2115,2230",,
ecs_kd,이스케이프# 건대점,ecs_kd7,Mr.Bang,"Mr.Bang,미스터방",70,"1인 23,000원","1130,1300,1430,1600,1730,1900,2030,2200",,"1130,1300,1430,1600,1730,1900,2030,2200",,
ecs_kd,이스케이프# 건대점,ecs_kd8,치로의 여름방학,치로의 여름방학,60,"1인 24,000원","1045,1200,1315,1430,1545,1700,1815,1930,2045,2200",,"1045,1200,1315,1430,1545,1700,1815,1930,2045,2200",,
ecs_kd,이스케이프# 건대점,ecs_kd9,영원교실,영원교실,60,"1인 24,000원","1055,1210,1325,1440,1555,1710,1825,1940,2055,2210",,"1055,1210,1325,1440,1555,1710,1825,1940,2055,2210",,
ecs_kd,이스케이프# 건대점,ecs_kd10,LOGOUT,"LOGOUT,로그아웃",60,"1인 22,000원","1040,1155,1310,1425,1540,1655,1810,1925,2040,2155",,"1040,1155,1310,1425,1540,1655,1810,1925,2040,2155",,
ecs_ss,이스케이프# 신사점,ecs_ss1,주희 다방,주희다방,60,"1인 22,000원","1100,1210,1320,1435,1550,1705,1820,1935,2050,2205",,"1100,1210,1320,1435,1550,1705,1820,1935,2050,2205",,
ecs_ss,이스케이프# 신사점,ecs_ss2,손 없는 날,손없는날,60,"1인 22,000원","1110,1220,1335,1450,1605,1720,1835,1950,2105,2215",,"1110,1220,1335,1450,1605,1720,1835,1950,2105,2215",,
ecs_ss,이스케이프# 신사점,ecs_ss3,판데믹,판데믹,60,"1인 22,000원","1120,1230,1340,1455,1610,1725,1840,1955,2110,2225",,"1120,1230,1340,1455,1610,1725,1840,1955,2110,2225",,
ecs_ss,이스케이프# 신사점,ecs_ss4,천사소녀 제티,천사소녀제티,60,"1인 22,000원","1105,1215,1530,1445,1600,1715,1830,1945,2100,2215",,"1105,1215,1530,1445,1600,1715,1830,1945,2100,2215",,
ecs_ss,이스케이프# 신사점,ecs_ss5,포춘 테라피,포춘테라피,60,"1인 22,000원","1120,1235,1350,1505,1620,1735,1850,2005,2120",,"1120,1235,1350,1505,1620,1735,1850,2005,2120",,
ect_sc,이스케이프시티 그랜드 시티 신촌점,ect_sc1,연,연,80,"1인 28,000원","1400,1530,1630,1800,1900,2030,2200",,"1130,1300,1400,1530,1630,1800,1900,2030,2200",,
ect_sc,이스케이프시티 그랜드 시티 신촌점,ect_sc2,신의실수,신의실수,80,"1인 28,000원","1420,1550,1650,1820,1920,2050,2220",,"1150,1320,1420,1550,1650,1820,1920,2050,2220",,
ect_sc,이스케이프시티 그랜드 시티 신촌점,ect_sc3,컨티뉴얼,컨티뉴얼,70,"1인 25,000원","1420,1530,1640,1750,1900,2010,2120,2230",,"1200,1310,1420,1530,1640,1750,1900,2010,2120,2230",,
ect_bc,이스케이프시티 부천신중동점,ect_bc1,부자가 될 상인가,부자가 될 상인가,70,"1인 25,000원","1320,1440,1600,1720,1840,2000,2120",,"1200,1320,1440,1600,1720,1840,2000,2120",,
ect_bc,이스케이프시티 부천신중동점,ect_bc2,바람 바람 바람,바람 바람 바람,60,"1인 22,000원","1320,1430,1540,1650,1800,1910,2020,2130",,"1210,1320,1430,1540,1650,1800,1910,2020,2130",,
ect_bc,이스케이프시티 부천신중동점,ect_bc3,추억의 전당포,추억의 전당포,60,"1인 22,000원","1330,1440,1550,1700,1810,1920,2030,2140",,"1220,1330,1440,1550,1700,1810,1920,2030,2140",,
ect_bc,이스케이프시티 부천신중동점,ect_bc4,원한,원한,60,"1인 22,000원","1340,1450,1600,1710,1820,1930,2040,2150",,"1230,1340,1450,1600,1710,1820,1930,2040,2150",,
ect_sswu,이스케이프시티 성신여대점,ect_sswu1,알고보면,알고보면,60,"1인 24,000원","1420,1530,1640,1750,1900,2010,2120",,"1200,1310,1420,1530,1640,1750,1900,2010,2120",,
ect_sswu,이스케이프시티 성신여대점,ect_sswu2,그녀를 찾아서,그녀를 찾아서,60,"1인 22,000원","1440,1550,1700,1810,1920,2030,2140",,"1220,1330,1440,1550,1700,1810,1920,2030,2140",,
ect_sswu,이스케이프시티 성신여대점,ect_sswu3,킬러VS,킬러VS,60,"1인 22,000원","1430,1540,1650,1800,1910,2020,2130",,"1210,1320,1430,1540,1650,1800,1910,2020,2130",,
ect_sswu,이스케이프시티 성신여대점,ect_sswu4,VS경찰,VS경찰,60,"1인 22,000원","1430,1540,1650,1800,1910,2020,2130",,"1210,1320,1430,1540,1650,1800,1910,2020,2130",,
ect_sswu,이스케이프시티 성신여대점,ect_sswu5,시험지 유출사건,시험지 유출사건,60,"1인 22,000원","1450,1600,1710,1820,1930,2040,2150",,"1230,1340,1450,1600,1710,1820,1930,2040,2150",,
ect_ydp,이스케이프시티 영등포본점,ect_ydp1,좀비바이러스,좀비바이러스,60,"1인 22,000원","1420,1530,1640,1750,1900,2010,2120",,"1200,1310,1420,1530,1640,1750,1900,2010,2120",,
ect_ydp,이스케이프시티 영등포본점,ect_ydp2,마법학교,마법학교,60,"1인 22,000원","1430,1540,1650,1800,1910,2020,2130",,"1210,1320,1430,1540,1650,1800,1910,2020,2130",,
ect_ydp,이스케이프시티 영등포본점,ect_ydp3,기억의 조각,기억의 조각,60,"1인 22,000원","1440,1550,1700,1810,1920,2030,2140",,"1220,1330,1440,1550,1700,1810,1920,2030,2140",,
ect_ydp,이스케이프시티 영등포본점,ect_ydp4,S P Y,"S P Y,스파이",60,"1인 22,000원","1450,1600,1710,1820,1930,2040,2150",,"1230,1340,1450,1600,1710,1820,1930,2040,2150",,
ect_ydp,이스케이프시티 영등포본점,ect_ydp5,카지노의 전설,카지노의 전설,60,"1인 22,000원","1500,1610,1720,1830,1940,2050,2200",,"1240,1350,1500,1610,1720,1830,1940,2050,2200",,
ect_ydp,이스케이프시티 영등포본점,ect_ydp6,"다시, 만날 수 있을까?","다시, 만날 수 있을까?",60,"1인 22,000원","1410,1520,1630,1740,1850,2000,2110",,"1250,1400,1510,1620,1730,1840,1950,2100,2210",,
ecw_sw,이스케이프월드,ecw_sw1,Escape Company,"escape company,이스케이프컴퍼니,이케컴",135,"인원수에 따라 상이 (2~5인 / 1인 42,000원 ~ 60,000원)","1340,1640,1940",,"1040,1340,1640,1940",,
ecw_sw,이스케이프월드,ecw_sw2,방자전,방자전,100,"인원수에 따라 상이 (2인~ / 1인 35,000원 ~ 31,000원)","1215,1420,1625,1830,2035",,"1010,1215,1420,1625,1830,2035",,
zw_gn,제로월드 강남점,zw_gn1,링,링,75,"1인 25,000원 (3~6인)","1020,1150,1320,1450,1620,1750,1920,2050",,"1020,1150,1320,1450,1620,1750,1920,2050",,
zw_gn,제로월드 강남점,zw_gn2,나비효과,나비효과,75,"1인 27,000원","1030,1200,1330,1500,1630,1800,1930,2100",,"1030,1200,1330,1500,1630,1800,1930,2100",,
zw_gn,제로월드 강남점,zw_gn3,콜러,콜러,75,"1인 25,000원 (3~6인)","1040,1210,1340,1510,1640,1810,1940,2110",,"1040,1210,1340,1510,1640,1810,1940,2110",,
zw_gn,제로월드 강남점,zw_gn4,어느겨울밤2,"어느겨울밤2,어겨밤2",60,"1인 22,000원","1110,1225,1340,1455,1610,1725,1840,1955,2110",,"1110,1225,1340,1455,1610,1725,1840,1955,2110",,
zw_gn,제로월드 강남점,zw_gn5,아이엠,아이엠,75,"1인 27,000원","1100,1230,1400,1530,1700,1830,2000,2130",,"1100,1230,1400,1530,1700,1830,2000,2130",,
zw_gn,제로월드 강남점,zw_gn6,제로호텔L,제로호텔L,60,"1인 22,000원","1120,1235,1350,1505,1620,1735,1850,2005,2120",,"1120,1235,1350,1505,1620,1735,1850,2005,2120",,
zw_gn,제로월드 강남점,zw_gn7,DONE,"DONE,돈",75,"1인 27,000원","1100,1240,1420,1600,1740,1920,2100",,"1100,1240,1420,1600,1740,1920,2100",,
zw_gn,제로월드 강남점,zw_gn8,FORREST_포레스트,"FORREST,포레스트",75,"1인 27,000원","1015,1150,1325,1500,1635,1810,1945,2120",,"1015,1150,1325,1500,1635,1810,1945,2120",,
zw_gn,제로월드 강남점,zw_gn9,헐!,헐!,90,"1인 27,000원","1035,1155,1315,1435,1555,1715,1835,1955,2105",,"1035,1155,1315,1435,1555,1715,1835,1955,2105",,
zw_gp,제로월드 김포본점,zw_gp1,제로호텔,제로호텔,70,"1인 25,000원","1330,1500,1630,1800,1930,2100",,"1030,1200,1330,1500,1630,1800,1930,2100",,
zw_gp,제로월드 김포본점,zw_gp10,해리포터의 모험 SE : 마법모자의 위기,"해리포터의모험SE,마법모자의위기",60,"1인 22,000원","1340,1500,1620,1740,1900,2020,2140",,"1100,1220,1340,1500,1620,1740,1900,2020,2140",,
zw_gp,제로월드 김포본점,zw_gp11,FEAR,"FEAR,피어",75,"1인 27,000원","1345,1450,1555,1700,1805,1910,2015,2120",,"1030,1135,1240,1345,1450,1555,1700,1805,1910,2015",,
zw_gp,제로월드 김포본점,zw_gp2,탈옥 : 특별수용소,"탈옥,특별수용소",75,"1인 24,000원","1340,1510,1640,1810,1940,2110",,"1040,1210,1340,1510,1640,1810,1940,2110",,
zw_gp,제로월드 김포본점,zw_gp3,어느겨울밤,"어느겨울밤,어겨밤",60,"1인 22,000원","1330,1450,1610,1730,1850,2010,2130",,"1050,1210,1330,1450,1610,1730,1850,2010,2130",,
zw_gp,제로월드 김포본점,zw_gp4,인형괴담 (김포),"인형괴담,김인괴",75,"1인 27,000원","1400,1530,1700,1830,2000,2130",,"1100,1230,1400,1530,1700,1830,2000,2130",,
zw_gp,제로월드 김포본점,zw_gp5,성역전설,성역전설,75,"1인 27,000원","1340,1510,1640,1810,1940,2110",,"1040,1210,1340,1510,1640,1810,1940,2110",,
zw_gp,제로월드 김포본점,zw_gp6,최면,최면,60,"1인 22,000원","1310,1430,1550,1710,1830,1950,2110",,"1030,1150,1310,1430,1550,1710,1830,1950,2110",,
zw_gp,제로월드 김포본점,zw_gp7,복희네 사진관 SE,복희네사진관SE,60,"1인 22,000원","1340,1500,1620,1740,1900,2020,2140",,"1100,1220,1340,1500,1620,1740,1900,2020,2140",,
zw_gp,제로월드 김포본점,zw_gp8,피노키오 대탈출 (김포),피노키오대탈출,60,"1인 22,000원","1400,1520,1640,1800,1920,2040,2200",,"1120,1240,1400,1520,1640,1800,1920,2040,2200",,
zw_gp,제로월드 김포본점,zw_gp9,검은사원 SE,검은사원SE,75,"1인 27,000원","1400,1530,1700,1830,2000,2130",,"1100,1230,1400,1530,1700,1830,2000,2130",,
zw_sh,제로월드 서현점,zw_sh1,해리포터의 모험 : 마법모자의 위기,"해리포터의모험,마법모자의위기",60,"1인 22,000원","1025,1140,1255,1410,1525,1640,1755,1910,2025,2140,2255",,"1025,1140,1255,1410,1525,1640,1755,1910,2025,2140,2255",,
zw_sh,제로월드 서현점,zw_sh2,피노키오 대탈출 (서현),피노키오대탈출,60,"1인 22,000원","1040,1155,1310,1425,1540,1655,1810,1925,2040,2155,2310",,"1040,1155,1310,1425,1540,1655,1810,1925,2040,2155,2310",,
zw_sh,제로월드 서현점,zw_sh3,검은집,검은집,60,"1인 22,000원","1015,1130,1245,1400,1515,1630,1745,1900,2015,2130,2245",,"1015,1130,1245,1400,1515,1630,1745,1900,2015,2130,2245",,
zw_sh,제로월드 서현점,zw_sh4,기억상실 (서현),기억상실,60,"1인 22,000원","1140,1255,1410,1525,1640,1755,1910,2025,2140,2255",,"1140,1255,1410,1525,1640,1755,1910,2025,2140,2255",,
zw_sh,제로월드 서현점,zw_sh5,홈어웨이,홈어웨이,80,"1인 27,000원","1035,1210,1345,1520,1655,1830,2005,2145,2315",,"1035,1210,1345,1520,1655,1830,2005,2145,2315",,
zw_sh,제로월드 서현점,zw_sh6,사계,사계,75,"1인 25,000원","1050,1225,1400,1535,1710,1845,2020,2155,2330",,"1050,1225,1400,1535,1710,1845,2020,2155,2330",,
zw_sh,제로월드 서현점,zw_sh7,폐쇄병동,폐쇄병동,70,"1인 25,000원","1100,1230,1400,1530,1700,1830,2000,2130,2300",,"1100,1230,1400,1530,1700,1830,2000,2130,2300",,
zw_hd,제로월드 홍대점,zw_hd1,층간소음,"층간소음,층소",65,"1인 25,000원","1100,1220,1340,1500,1620,1740,1900,2020,2140",,"1100,1220,1340,1500,1620,1740,1900,2020,2140",,
zw_hd,제로월드 홍대점,zw_hd2,NOX,"녹스,NOX",70,"1인 27,000원","1105,1200,1255,1350,1445,1540,1635,1730,1825,1920,2015,2110",,"1105,1200,1255,1350,1445,1540,1635,1730,1825,1920,2015,2110",,
zw_hd,제로월드 홍대점,zw_hd3,깜빵탈출 : WAY OUT,"깜빵탈출,WAY OUT",75,"1인 26,000원","1100,1230,1400,1530,1700,1830,2000,2130",,"1100,1230,1400,1530,1700,1830,2000,2130",,
zw_hd,제로월드 홍대점,zw_hd4,사랑…하는...감?,"사랑하는감?,사랑…하는…감?,사랑..하는..감?,사랑감",60,"1인 23,000원","1120,1235,1350,1505,1620,1735,1850,2005,2120",,"1120,1235,1350,1505,1620,1735,1850,2005,2120",,
zw_hd,제로월드 홍대점,zw_hd5,ALIVE,"ALIVE,얼라이브",80,"1인 30,000원","1110,1250,1430,1610,1750,1930,2110",,"1110,1250,1430,1610,1750,1930,2110",,
zw_lt,제로월드X롯데월드,zw_lt1,아랑_굶주린 이리,아랑,70,"1인 25,000원 / 롯데월드 이용객 1인 12,000원","1220,1355,1530,1705,1840",,"1220,1355,1530,1705,1840",,
zw_lt,제로월드X롯데월드,zw_lt2,바람_우리는 그저 바람이었소,바람,75,"1인 27,000원 / 롯데월드 이용객 1인 16,000원","1200,1345,1530,1715,1900",,"1200,1345,1530,1715,1900",,
ee_tg,지구별방탈출 대구점,ee_tg1,잉카,잉카,80,"1인 28,000원","1040,1220,1400,1540,1720,1900,2040,2220",,"1040,1220,1400,1540,1720,1900,2040,2220",,
ee_tg,지구별방탈출 대구점,ee_tg2,우리 아빠,우리아빠,70,"1인 26,000원","1020,1150,1320,1450,1620,1750,1920,2050,2220",,"1020,1150,1320,1450,1620,1750,1920,2050,2220",,
ee_tg,지구별방탈출 대구점,ee_tg3,사명 : 투쟁의 노래,"사명,투쟁의노래",69,"1인 23,000원","1000,1130,1300,1430,1600,1730,1900,2030,2200",,"1000,1130,1300,1430,1600,1730,1900,2030,2200",,
ee_tg,지구별방탈출 대구점,ee_tg4,펭귄키우기,"펭귄키우기,펭키",60,"1인 21,000원","1040,1200,1320,1440,1600,1720,1840,2000,2120,2240",,"1040,1200,1320,1440,1600,1720,1840,2000,2120,2240",,
ee_tg,지구별방탈출 대구점,ee_tg5,"너의 겨울은 가고, 봄은 온다","너의겨울은가고,봄은온다",60,"1인 23,000원","1030,1150,1310,1430,1550,1710,1830,1950,2110,2230",,"1030,1150,1310,1430,1550,1710,1830,1950,2110,2230",,
ee_tg,지구별방탈출 대구점,ee_tg6,만월 ≪꿈을 훔치는 요괴≫,"만월,꿈을훔치는요괴",75,"1인 26,000원","1000,1135,1310,1445,1620,1755,1930,2105,2240",,"1000,1135,1310,1445,1620,1755,1930,2105,2240",,
ee_tg,지구별방탈출 대구점,ee_tg7,단디해라,단디해라,65,"1인 23,000원","1010,1130,1250,1410,1530,1650,1810,1930,2050,2210",,"1010,1130,1250,1410,1530,1650,1810,1930,2050,2210",,
ee_lc,지구별방탈출 라스트시티점,ee_lc1,스텔라,스텔라,70,"1인 27,000원","0950,1100,1210,1320,1430,1540,1650,1800,1910,2020,2130,2240",,"0950,1100,1210,1320,1430,1540,1650,1800,1910,2020,2130,2240",,
ee_lc,지구별방탈출 라스트시티점,ee_lc2,카부트,카부트,65,"1인 28,000원","1035,1155,1320,1440,1600,1720,1845,2005,2125,2245",,"1035,1155,1320,1440,1600,1720,1845,2005,2125,2245",,
ee_lc,지구별방탈출 라스트시티점,ee_lc3,alone_얼론,"ALONE,얼론",65,"1인 24,000원","1015,1135,1255,1415,1540,1700,1820,1940,2100,2220",,"1015,1135,1255,1415,1540,1700,1820,1940,2100,2220",,
ee_lc,지구별방탈출 라스트시티점,ee_lc4,라스트코어,"라스트코어,라코",90,"1인 32,000원","1020,1130,1250,1400,1510,1620,1735,1845,1955,2105,2215",,"1020,1130,1250,1400,1510,1620,1735,1845,1955,2105,2215",,
ee_lc,지구별방탈출 라스트시티점,ee_lc5,纹身_문신,문신,67,"1인 26,000원","0950,1115,1240,1405,1530,1655,1820,1945,2110,2235",,"0950,1115,1240,1405,1530,1655,1820,1945,2110,2235",,
ee_lc,지구별방탈출 라스트시티점,ee_lc6,멸종위기종 탐사대,"멸종위기종탐사대,멸탐대,멸종위기탐사대",65,"1인 26,000원","1000,1125,1250,1415,1540,1705,1830,1955,2120,2245",,"1000,1125,1250,1415,1540,1705,1830,1955,2120,2245",,
ee_lc,지구별방탈출 라스트시티점,ee_lc7,스위티,스위티,60,"1인 25,000원","1040,1200,1320,1440,1600,1720,1840,2000,2120,2240",,"1040,1200,1320,1440,1600,1720,1840,2000,2120,2240",,
ee_lc,지구별방탈출 라스트시티점,ee_lc8,섀도우,섀도우,75,"1인 28,000원","1010,1125,1240,1355,1510,1625,1740,1855,2010,2125,2240",,"1010,1125,1240,1355,1510,1625,1740,1855,2010,2125,2240",,
ee_av,지구별방탈출 어드벤처점,ee_av1,PINOCCHIO_피노키오,"PINOCCHIO,피노키오",70,"1인 29,000원","1020,1150,1320,1450,1620,1750,1925,2055,2230",,"1020,1150,1320,1450,1620,1750,1925,2055,2230",,
ee_av,지구별방탈출 어드벤처점,ee_av2,잔향,잔향,60,"1인 25,000원","1015,1140,1305,1425,1545,1725,1850,2015,2140,2305",,"1015,1140,1305,1425,1545,1725,1850,2015,2140,2305",,
ee_av,지구별방탈출 어드벤처점,ee_av3,아몬 : 새벽을 여는 소년,"아몬,새벽을여는소년",70,"1인 28,000원","1015,1140,1305,1430,1555,1720,1845,2010,2135,2300",,"1015,1140,1305,1430,1555,1720,1845,2010,2135,2300",,
ee_av,지구별방탈출 어드벤처점,ee_av4,퀘스트 : 여정의 시작,"퀘스트,여정의시작",50,"1인 17,000원","1020,1130,1240,1350,1500,1610,1720,1830,1940,2050,2200,2310",,"1020,1130,1240,1350,1500,1610,1720,1830,1940,2050,2200,2310",,
ee_av,지구별방탈출 어드벤처점,ee_av5,지난날을 잊었다,지난날을잊었다,65,"1인 23,000원","1000,1125,1250,1415,1540,1705,1830,1955,2120,2245",,"1000,1125,1250,1415,1540,1705,1830,1955,2120,2245",,
ee_av,지구별방탈출 어드벤처점,ee_av6,미스터리,미스터리,85,"1인 28,000원","1010,1155,1340,1525,1710,1855,2040,2225",,"1010,1155,1340,1525,1710,1855,2040,2225",,
cl_esc,찰리이스케이프,cl_esc1,퀴즈카페,"퀴즈카페,퀴카,quizcafe",210,"인원수에 따라 상이 (2~6인 / 1인 53,000원 ~ 98,000원)","1450,1920",,"1020,1450,1920",,
cl_esc2,찰리이스케이프 2호점,cl_esc2_1,퀴즈카페2,"퀴즈카페2,퀴카2,quizcafe2",210,"인원수에 따라 상이 (2~6인 / 1인 53,000원 ~ 98,000원)","1450,1920",,"1020,1450,1920",,
ch27_bf,채널 27 버터플라이점,ch27_bf1,"사요나라, 세이코",사요나라세이코,80,"1인 33,000원","1210,1320,1430,1540,1650,1800,1910,2020,2130",,"0950,1100,1210,1320,1430,1540,1650,1800,1910,2020,2130",,
ch27_bf,채널 27 버터플라이점,ch27_bf2,붐붐박사의 폭죽놀이 유토피아,붐붐박사의 폭죽놀이 유토피아,80,"1인 33,000원","1150,1300,1410,1520,1630,1740,1850,2000,2110",,"0930,1040,1150,1300,1410,1520,1630,1740,1850,2000,2110",,
cs_he,체셔하우스,cs_he1,창귀,창귀,60,"1인 25,000원","0950,1100,1210,1320,1430,1540,1450,1800,1910,2020,2130,2240",,"0950,1100,1210,1320,1430,1540,1450,1800,1910,2020,2130,2240",,
cde_grs,코드이스케이프 가로수길점,cde_grs1,아는사이,아는사이,60,"1인 24,000원","1130,1240,1350,1520,1630,1750,1920,2040,2200",,"1130,1240,1350,1520,1630,1750,1920,2040,2200",,
cde_grs,코드이스케이프 가로수길점,cde_grs2,재즈 인 더 레인_Jazz in the Rain (가로수길),"재즈인더레인,jazz in the rain",60,"1인 24,000원","1115,1230,1345,1510,1625,1745,1910,2035,2155",,"1115,1230,1345,1510,1625,1745,1910,2035,2155",,
cde_grs,코드이스케이프 가로수길점,cde_grs3,(수)산업 스파이,수산업스파이,70,"1인 28,000원","1100,1220,1340,1500,1620,1740,1900,2030,2150",,"1100,1220,1340,1500,1620,1740,1900,2030,2150",,
cde_ms,코드이스케이프 마산점,cde_ms1,재즈 인 더 레인_Jazz in the Rain (마산),"재즈인더레인,jazz in the rain",60,"1인 22,000원","1100,1215,1330,1445,1600,1715,1830,1945,2100,2215,2330",,"1100,1215,1330,1445,1600,1715,1830,1945,2100,2215,2330",,
cde_ms,코드이스케이프 마산점,cde_ms2,싱어게인_Sing Again,"싱어게인,Sing Again",60,"1인 22,000원","1115,1230,1345,1500,1615,1730,1845,2000,2115,2230,2345",,"1115,1230,1345,1500,1615,1730,1845,2000,2115,2230,2345",,
cde_ms,코드이스케이프 마산점,cde_ms3,상속자,상속자,60,"1인 22,000원","1130,1245,1400,1515,1630,1745,1900,2015,2130,2245,2355",,"1130,1245,1400,1515,1630,1745,1900,2015,2130,2245,2355",,
cde_ms,코드이스케이프 마산점,cde_ms4,프리즌브레이크2_Prison Break2,"프리즌브레이크2,Prison Break2",60,"1인 22,000원","1055,1205,1315,1430,1545,1700,1815,1930,2045,2200,2315",,"1055,1205,1315,1430,1545,1700,1815,1930,2045,2200,2315",,
ck_gn,코드케이 강남점,ck_gn1,도둑들 (강남),도둑들,60,"1인 22,000원","1000,1120,1240,1400,1520,1640,1800,1920,2040,2200",,"1000,1120,1240,1400,1520,1640,1800,1920,2040,2200",,
ck_gn,코드케이 강남점,ck_gn10,저주받은 산장,저주받은산장,60,"1인 22,000원","1040,1200,1320,1440,1600,1720,1840,2000,2120,2240",,"1040,1200,1320,1440,1600,1720,1840,2000,2120,2240",,
ck_gn,코드케이 강남점,ck_gn11,좀비 90일후,좀비90일후,60,"1인 22,000원","1050,1210,1330,1450,1610,1730,1850,2010,2130,2250",,"1050,1210,1330,1450,1610,1730,1850,2010,2130,2250",,
ck_gn,코드케이 강남점,ck_gn12,납치 (강남),납치,60,"1인 22,000원","1050,1210,1330,1450,1610,1730,1850,2010,2130,2250",,"1050,1210,1330,1450,1610,1730,1850,2010,2130,2250",,
ck_gn,코드케이 강남점,ck_gn13,테러리스트,테러리스트,60,"1인 22,000원","1100,1220,1340,1500,1620,1740,1900,2020,2140,2300",,"1100,1220,1340,1500,1620,1740,1900,2020,2140,2300",,
ck_gn,코드케이 강남점,ck_gn14,기술자들,기술자들,60,"1인 22,000원","1100,1220,1340,1500,1620,1740,1900,2020,2140,2300",,"1100,1220,1340,1500,1620,1740,1900,2020,2140,2300",,
ck_gn,코드케이 강남점,ck_gn15,미스터리 거울의 방,"미스터리거울의방,미거방",60,"1인 22,000원","1110,1230,1350,1510,1630,1750,1910,2030,2150,2300",,"1110,1230,1350,1510,1630,1750,1910,2030,2150,2300",,
ck_gn,코드케이 강남점,ck_gn2,504호,504호,60,"1인 22,000원","1000,1120,1240,1400,1520,1640,1800,1920,2040,2200",,"1000,1120,1240,1400,1520,1640,1800,1920,2040,2200",,
ck_gn,코드케이 강남점,ck_gn3,얼어붙은 물의 신전,얼어붙은물의신전,60,"1인 22,000원","1010,1130,1250,1410,1530,1650,1810,1930,2050,2210",,"1010,1130,1250,1410,1530,1650,1810,1930,2050,2210",,
ck_gn,코드케이 강남점,ck_gn4,퀸즈파크저택 살인사건 현장,퀸즈파크저택살인사건현장,60,"1인 22,000원","1010,1130,1250,1410,1530,1650,1810,1930,2050,2210",,"1010,1130,1250,1410,1530,1650,1810,1930,2050,2210",,
ck_gn,코드케이 강남점,ck_gn5,기억상실 (강남),기억상실,60,"1인 22,000원","1020,1140,1300,1420,1540,1700,1820,1940,2100,2220",,"1020,1140,1300,1420,1540,1700,1820,1940,2100,2220",,
ck_gn,코드케이 강남점,ck_gn6,미치광이 연쇄살인범,미치광이연쇄살인범,60,"1인 22,000원","1020,1140,1300,1420,1540,1700,1820,1940,2100,2220",,"1020,1140,1300,1420,1540,1700,1820,1940,2100,2220",,
ck_gn,코드케이 강남점,ck_gn7,셜록홈즈 : 살인누명,셜록홈즈살인누명,60,"1인 22,000원","1030,1150,1310,1430,1550,1710,1830,1950,2110,2230",,"1030,1150,1310,1430,1550,1710,1830,1950,2110,2230",,
ck_gn,코드케이 강남점,ck_gn8,충무공 이순신,충무공이순신,60,"1인 22,000원","1030,1150,1310,1430,1550,1710,1830,1950,2110,2230",,"1030,1150,1310,1430,1550,1710,1830,1950,2110,2230",,
ck_gn,코드케이 강남점,ck_gn9,감옥탈출,감옥탈출,60,"1인 22,000원","1040,1200,1320,1440,1600,1720,1840,2000,2120,2240",,"1040,1200,1320,1440,1600,1720,1840,2000,2120,2240",,
ck_hd,코드케이 홍대점,ck_hd1,꼬레아우라,꼬레아우라,75,"1인 28,000원","1020,1110,1200,1250,1340,1430,1520,1610,1700,1750,1840,1930,2020,2110,2200",,"1020,1110,1200,1250,1340,1430,1520,1610,1700,1750,1840,1930,2020,2110,2200",,
cd_ht,코드헌터 강남점,cd_ht1,끼리코 구조대,끼리코 구조대,60,"1인 20,000원","1330,1450,1610,1730,1915,2035,2155",,"1210,1330,1450,1610,1730,1915,2035,2155",,
cd_ht,코드헌터 강남점,cd_ht2,티모의 모험,티모의 모험,80,"1인 22,000원","1325,1505,1645,1820,2000,2135",,"1145,1325,1505,1645,1820,2000,2135",,
cd_ht,코드헌터 강남점,cd_ht3,왕자와 공주,왕자와 공주,60,"1인 20,000원","1315,1435,1555,1715,1900,2020,2140",,"1150,1315,1435,1555,1715,1900,2020,2140",,
ccr_1089,쿠쿠룸 1089,ccr_1089_1,신비로운 직원생활,신비로운 직원생활,60,"1인 21,000원","1110,1230,1350,1510,1630,1750,1910,2030,2150",,"1110,1230,1350,1510,1630,1750,1910,2030,2150",,
ccr_1089,쿠쿠룸 1089,ccr_1089_2,실직요정 비상대책위원회,실직요정 비상대책위원회,80,"1인 24,000원","1125,1305,1445,1625,1805,1945,2125",,"1125,1305,1445,1625,1805,1945,2125",,
ccr_1089,쿠쿠룸 1089,ccr_1089_3,백순대-셀레스트,백순대-셀레스트,50,"1인 11,000원","1500,1600,1700,1800,1900,2000,2100,2200",,"1100,1205,1300,1400,1500,1600,1700,1800,1900,2000,2100,2200",,
qc_mk,퀘스천마크,qc_mk1,퀘스천마크,"퀘스천마크,퀘마",75,"1인 29,000원","0925,1020,1115,1210,1305,1400,1455,1550,1645,1740,1835,1930,2020,2115,2200",,"0925,1020,1115,1210,1305,1400,1455,1550,1645,1740,1835,1930,2020,2115,2200",,
cb_dj,큐브이스케이프 대전둔산점,cb_dj1,장기밀매 (대전),장기밀매,60,"1인 22,500원","1115,1220,1340,1500,1620,1740,1900,2020,2140,2300",,"1115,1220,1340,1500,1620,1740,1900,2020,2140,2300,2420",,
cb_dj,큐브이스케이프 대전둔산점,cb_dj2,신데렐라 (대전),신데렐라,60,"1인 22,500원","1115,1220,1340,1500,1620,1740,1900,2020,2140,2300",,"1115,1220,1340,1500,1620,1740,1900,2020,2140,2300,2420",,
cb_dj,큐브이스케이프 대전둔산점,cb_dj3,집착 (대전),집착,60,"1인 22,500원","1120,1240,1400,1520,1640,1800,1920,2040,2200",,"1120,1240,1400,1520,1640,1800,1920,2040,2200,2320",,
cb_dj,큐브이스케이프 대전둔산점,cb_dj4,마션 (대전),마션,60,"1인 22,500원","1120,1240,1400,1520,1640,1800,1920,2040,2200",,"1120,1240,1400,1520,1640,1800,1920,2040,2200,2320",,
cb_dj,큐브이스케이프 대전둔산점,cb_dj5,타이타닉 (대전),타이타닉,60,"1인 22,500원","1140,1300,1420,1540,1700,1820,1940,2100,2220",,"1140,1300,1420,1540,1700,1820,1940,2100,2220,2340",,
cb_dj,큐브이스케이프 대전둔산점,cb_dj6,카타콤 (대전),카타콤,60,"1인 22,500원","1140,1300,1420,1540,1700,1820,1940,2100,2220",,"1140,1300,1420,1540,1700,1820,1940,2100,2220,2340",,
cb_sy,큐브이스케이프 수유점,cb_sy1,Treasure Hunters ① : 우든펍의 비밀,"Treasure Hunters 1 : 우든펍의 비밀,트레저헌터,트레져헌터",60,"1인 22,500원","1400,1515,1630,1745,1900,2015",,"1245,1400,1515,1630,1745,1900,2015,2130",,
cb_sy,큐브이스케이프 수유점,cb_sy2,Treasure Hunters ② : 빅토리아호의 침몰,"Treasure Hunters 2 : 빅토리아호의 침몰,트레저헌터,트레져헌터",60,"1인 22,500원","1400,1515,1630,1745,1900,2015",,"1245,1400,1515,1630,1745,1900,2015,2130",,
cb_sy,큐브이스케이프 수유점,cb_sy3,Treasure Hunters ③ : 거미의 둥지,"Treasure Hunters 3 : 거미의 둥지,트레저헌터,트레져헌터",60,"1인 22,500원","1415,1530,1645,1800,1915,2030",,"1300,1415,1530,1645,1800,1915,2030,2145",,
cb_sy,큐브이스케이프 수유점,cb_sy4,Treasure Hunters ④ : 골든아이,"Treasure Hunters 4 : 골든아이,트레저헌터,트레져헌터",60,"1인 22,500원","1415,1530,1645,1800,1915,2030",,"1300,1415,1530,1645,1800,1915,2030,2145",,
cb_sy,큐브이스케이프 수유점,cb_sy5,The Cube (수유),"The Cube,더큐브",60,"1인 22,500원","1330,1445,1600,1715,1830,1945,2100",,"1215,1330,1445,1600,1715,1830,1945,2100",,
cb_sy,큐브이스케이프 수유점,cb_sy6,Stepfather : 사라진 천사들 (수유),Stepfather : 사라진 천사들,60,"1인 22,500원","1330,1445,1600,1715,1830,1945,2100",,"1215,1330,1445,1600,1715,1830,1945,2100",,
cb_sy,큐브이스케이프 수유점,cb_sy7,Obsession : 집착 (수유),Obsession : 집착,60,"1인 22,500원","1345,1500,1615,1730,1845,2000,2115",,"1230,1345,1500,1615,1730,1845,2000,2115",,
cb_ic,큐브이스케이프 인천구월점,cb_ic1,타이타닉 (인천),"TITANIC,타이타닉",60,"1인 18,000원","1230,1345,1500,1615,1730,1845,2000,2115,2230",,"1230,1345,1500,1615,1730,1845,2000,2115,2230",,
cb_ic,큐브이스케이프 인천구월점,cb_ic2,신데렐라 (인천),신데렐라,60,"1인 18,000원","1230,1345,1500,1615,1730,1845,2000,2115,2230",,"1230,1345,1500,1615,1730,1845,2000,2115,2230",,
cb_ic,큐브이스케이프 인천구월점,cb_ic3,장기밀매 (인천),장기밀매,60,"1인 18,000원","1245,1400,1515,1630,1745,1900,2015,2130,2245",,"1245,1400,1515,1630,1745,1900,2015,2130,2245",,
cb_ic,큐브이스케이프 인천구월점,cb_ic4,Towering (인천),"Towering,타워링",60,"1인 18,000원","1245,1400,1515,1630,1745,1900,2015,2130,2245",,"1245,1400,1515,1630,1745,1900,2015,2130,2245",,
cb_ic,큐브이스케이프 인천구월점,cb_ic5,집착 (인천),집착,60,"1인 18,000원","1300,1415,1530,1645,1800,1915,2030,2145,2300",,"1300,1415,1530,1645,1800,1915,2030,2145,2300",,
cb_js,큐브이스케이프 잠실점,cb_js1,Romeo Point (잠실),"Romeo Point,로미오포인트",60,"1인 22,500원","1245,1400,1515,1630,1745,1900,2015,2130,2245",,"1245,1400,1515,1630,1745,1900,2015,2130,2245",,
cb_js,큐브이스케이프 잠실점,cb_js2,신데렐라 (잠실),신데렐라,60,"1인 22,500원","1245,1400,1515,1630,1745,1900,2015,2130,2245",,"1245,1400,1515,1630,1745,1900,2015,2130,2245",,
cb_js,큐브이스케이프 잠실점,cb_js3,집착 (잠실),집착,60,"1인 22,500원","1215,1330,1445,1600,1715,1830,1945,2100,2215",,"1215,1330,1445,1600,1715,1830,1945,2100,2215",,
cb_js,큐브이스케이프 잠실점,cb_js4,마션 (잠실),마션,60,"1인 22,500원","1215,1330,1445,1600,1715,1830,1945,2100,2215",,"1215,1330,1445,1600,1715,1830,1945,2100,2215",,
cb_js,큐브이스케이프 잠실점,cb_js5,타이타닉 (잠실),타이타닉,60,"1인 22,500원","1230,1345,1500,1615,1730,1845,2000,2115,2230",,"1230,1345,1500,1615,1730,1845,2000,2115,2230",,
cb_js,큐브이스케이프 잠실점,cb_js6,카타콤 (잠실),카타콤,60,"1인 22,500원","1230,1345,1500,1615,1730,1845,2000,2115,2230",,"1230,1345,1500,1615,1730,1845,2000,2115,2230",,
cb_jj,큐브이스케이프 전주점,cb_jj1,Deliver (전주),"Deliver,딜리버",60,"1인 22,500원","1245,1400,1515,1630,1745,1900,2015,2130,2245",,"1245,1400,1515,1630,1745,1900,2015,2130,2245",,
cb_jj,큐브이스케이프 전주점,cb_jj2,좀비스쿨,좀비스쿨,60,"1인 22,500원","1215,1330,1445,1600,1715,1830,1945,2100,2150",,"1215,1330,1445,1600,1715,1830,1945,2100,2150",,
cb_jj,큐브이스케이프 전주점,cb_jj3,피고인 (전주),피고인,60,"1인 22,500원","1215,1330,1445,1600,1715,1830,1945,2100,2150",,"1215,1330,1445,1600,1715,1830,1945,2100,2150",,
cb_jj,큐브이스케이프 전주점,cb_jj4,헨젤과 그레텔 (전주),헨젤과 그레텔,60,"1인 22,500원","1230,1345,1500,1615,1730,1845,2000,2115,2230",,"1230,1345,1500,1615,1730,1845,2000,2115,2230",,
cb_jj,큐브이스케이프 전주점,cb_jj5,제시의 시크릿 ,제시의 시크릿,60,"1인 22,500원","1230,1345,1500,1615,1730,1845,2000,2115,2230",,"1230,1345,1500,1615,1730,1845,2000,2115,2230",,
cb_jj,큐브이스케이프 전주점,cb_jj6,피라미드의 비밀 (전주),피라미드의 비밀,60,"1인 22,500원","1215,1330,1445,1600,1715,1830,1945,2100,2150",,"1215,1330,1445,1600,1715,1830,1945,2100,2150",,
cb_jj,큐브이스케이프 전주점,cb_jj7,신데렐라 (전주),신데렐라,60,"1인 22,500원","1245,1400,1515,1630,1745,1900,2015,2130,2245",,"1245,1400,1515,1630,1745,1900,2015,2130,2245",,
cb_jj,큐브이스케이프 전주점,cb_jj8,집착 (전주),집착,60,"1인 22,500원","1245,1400,1515,1630,1745,1900,2015,2130,2245",,"1245,1400,1515,1630,1745,1900,2015,2130,2245",,
cb_ch,큐브이스케이프 천호점,cb_ch1,The Cube (천호),"the cube,더 큐브",60,"1인 22,500원","1200,1315,1430,1545,1700,1815,1930,2045,2200",,"1200,1315,1430,1545,1700,1815,1930,2045,2200,2315,2430",,
cb_ch,큐브이스케이프 천호점,cb_ch2,The Maze,"the maze,더 메이즈",60,"1인 22,500원","1200,1315,1430,1545,1700,1815,1930,2045,2200",,"1200,1315,1430,1545,1700,1815,1930,2045,2200,2315,2430",,
cb_ch,큐브이스케이프 천호점,cb_ch3,장기밀매 PART2,장기밀매 part2,60,"1인 22,500원","1215,1330,1445,1600,1715,1830,1945,2100,2215",,"1215,1330,1445,1600,1715,1830,1945,2100,2215,2330,2445",,
cb_ch,큐브이스케이프 천호점,cb_ch4,STEPFATHER : 사라진 천사들 (천호),사라진천사들,60,"1인 22,500원","1215,1330,1445,1600,1715,1830,1945,2100,2215",,"1215,1330,1445,1600,1715,1830,1945,2100,2215,2330,2445",,
cb_ch,큐브이스케이프 천호점,cb_ch5,Piggies : 마녀의 꿈,마녀의꿈,60,"1인 22,500원","1230,1345,1500,1615,1730,1845,2000,2115,2230",,"1230,1345,1500,1615,1730,1845,2000,2115,2230,2345,2500",,
cb_ch,큐브이스케이프 천호점,cb_ch6,Aphilia : 장미의 비밀,장미의비밀,60,"1인 22,500원","1230,1345,1500,1615,1730,1845,2000,2115,2230",,"1230,1345,1500,1615,1730,1845,2000,2115,2230,2345,2500",,
cb_ch,큐브이스케이프 천호점,cb_ch7,피고인 (천호),피고인,60,"1인 22,500원","1230,1345,1500,1615,1730,1845,2000,2115,2230",,"1230,1345,1500,1615,1730,1845,2000,2115,2230,2345,2500",,
cb_hd,큐브이스케이프 홍대점,cb_hd1,피라미드의 비밀 (홍대),피라미드의 비밀,60,"1인 22,500원","1000,1120,1240,1400,1520,1640,1800,1920,2040,2200",,"1000,1120,1240,1400,1520,1640,1800,1920,2040,2200",,
cb_hd,큐브이스케이프 홍대점,cb_hd2,헨젤과 그레텔 (홍대),헨젤과 그레텔,60,"1인 22,500원","1015,1135,1255,1415,1535,1655,1815,1935,2055,2215",,"1015,1135,1255,1415,1535,1655,1815,1935,2055,2215",,
cb_hd,큐브이스케이프 홍대점,cb_hd3,Towering (홍대),"Towering,타워링",60,"1인 22,500원","1030,1150,1310,1430,1550,1710,1830,1950,2110,2230",,"1030,1150,1310,1430,1550,1710,1830,1950,2110,2230",,
cb_hd,큐브이스케이프 홍대점,cb_hd4,Gestapo,"Gestapo,게스타포,게슈타포",60,"1인 22,500원","1030,1150,1310,1430,1550,1710,1830,1950,2110,2230",,"1030,1150,1310,1430,1550,1710,1830,1950,2110,2230",,
cb_hd,큐브이스케이프 홍대점,cb_hd5,Monkey House ,"Monkey House,몽키하우스",60,"1인 22,500원","1000,1120,1240,1400,1520,1640,1800,1920,2040,2200",,"1000,1120,1240,1400,1520,1640,1800,1920,2040,2200",,
cb_hd,큐브이스케이프 홍대점,cb_hd6,장기밀매 (홍대),장기밀매,60,"1인 22,500원","1015,1135,1255,1415,1535,1655,1815,1935,2055,2215",,"1015,1135,1255,1415,1535,1655,1815,1935,2055,2215",,
cb_hd,큐브이스케이프 홍대점,cb_hd7,Deliver (홍대),"Deliver,딜리버",60,"1인 22,500원","1045,1205,1325,1445,1605,1725,1845,2005,2125,2245",,"1045,1205,1325,1445,1605,1725,1845,2005,2125,2245",,
cb_hd,큐브이스케이프 홍대점,cb_hd8,Romeo Point (홍대),"Romeo Point,로미오포인트",60,"1인 22,500원","1045,1205,1325,1445,1605,1725,1845,2005,2125,2245",,"1045,1205,1325,1445,1605,1725,1845,2005,2125,2245",,
clv_tw,클레버타운,clv_tw1,난 너의 보이,"난너의보이,난너보",90,"1인 28,000원","1110,1310,1510,1710,1910,2110,2310",,"0945,1145,1345,1545,1745,1945,2145,2345",5,
clv_tw,클레버타운,clv_tw2,좌뇌우뇌연구소,"좌뇌우뇌연구소,좌우연",80,"1인 24,000원","1210,1410,1610,1810,2010,2210",,"1055,1255,1455,1655,1855,2055,2255",5,
clv_tw,클레버타운,clv_tw3,가암성당,"가암성당,감성당",100,"1팀 180,000원 (1~4인)","1100,1300,1500,1700,1900,2100",,"1135,1335,1535,1735,1935,2135",5,
key_log1,키이스케이프 LOG_IN1,key_log1_1,FOR FREE,"포프리,FOR FREE",65,"1인 32,000원","0930,1050,1210,1330,1450,1610,1730,1850,2010,2130,2250",,"0930,1050,1210,1330,1450,1610,1730,1850,2010,2130,2250",,
key_log1,키이스케이프 LOG_IN1,key_log1_2,머니머니패키지,"머머패,머니머니패키지",65,"1인 30,000원","0920,1040,1200,1320,1440,1600,1720,1840,2000,2120,2240",,"0920,1040,1200,1320,1440,1600,1720,1840,2000,2120,2240",,
key_log2,키이스케이프 LOG_IN2,key_log2_1,A GENTLE MONDAY,"어젠틀먼데이,어젠먼,A GENTLE MONDAY",75,"1인 28,000원","0950,1110,1230,1350,1510,1630,1750,1910,2030,2150",,"0950,1110,1230,1350,1510,1630,1750,1910,2030,2150",,
key_log2,키이스케이프 LOG_IN2,key_log2_2,BACK TO THE SCENE+,"백투더씬,빽투더씬,백신,빽씬,빽신,백씬,BACK TO THE SCENE+",65,"1인 34,000원","1010,1105,1200,1255,1350,1445,1540,1635,1730,1825,1920,2015,2110,2205",,"1010,1105,1200,1255,1350,1445,1540,1635,1730,1825,1920,2015,2110,2205",,
key_st,키이스케이프 STATION,key_st1,머니머니부동산,"머머부,머니머니부동산",80,"1인 34,000원","0950,1050,1150,1250,1350,1450,1550,1650,1750,1850,1950,2050,2150",,"0950,1050,1150,1250,1350,1450,1550,1650,1750,1850,1950,2050,2150",,
key_st,키이스케이프 STATION,key_st2,내 방,내방,65,"1인 30,000원","0945,1030,1120,1205,1250,1340,1425,1510,1600,1645,1730,1820,1905,1950,2040,2125,2210",,"0945,1030,1120,1205,1250,1340,1425,1510,1600,1645,1730,1820,1905,1950,2040,2125,2210",,
key_st,키이스케이프 STATION,key_st3,NOSTELGIA VISTA,"노스텔지아비스타,NOSTELGIA VISTA",65,"1인 31,000원","1000,1055,1145,1235,1325,1415,1505,1555,1655,1745,1835,1925,2015,2105,2155",,"1000,1055,1145,1235,1325,1415,1505,1555,1655,1745,1835,1925,2015,2105,2155",,
key_to,키이스케이프 강남더오름,key_to1,네드,"NERD,네드",75,"1인 28,000원","1000,1130,1300,1430,1600,1730,1900,2030,2200",,"1000,1130,1300,1430,1600,1730,1900,2030,2200",,
key_to,키이스케이프 강남더오름,key_to2,엔제리오,"ANGELIO,엔제리오",70,"1인 27,000원","1950,1120,1250,1420,1550,1720,1850,2020,2150",,"1950,1120,1250,1420,1550,1720,1850,2020,2150",,
key_gn,키이스케이프 강남점,key_gn1,월야애담 (강남),월야애담,60,"1인 24,000원","1335,1450,1605,1720,1835,1950,2105",,"0945,1100,1215,1330,1450,1610,1725,1840,2000,2115",,
key_gn,키이스케이프 강남점,key_gn2,살랑살랑연구소 (강남),"살살연,살랑살랑연구소",60,"1인 24,000원","1345,1500,1615,1730,1845,2000,2115",,"0950,1105,1220,1340,1500,1620,1735,1850,2015,2130",,
key_gn,키이스케이프 강남점,key_gn3,그카지말라캤자나,그카지말라캤자나,60,"1인 25,000원","1320,1430,1540,1650,1800,1910,2020,2130",,"1010,1125,1245,1405,1520,1635,1750,1905,2025,2145",,
key_mc,키이스케이프 메모리컴퍼니,key_mc1,FILM BY EDDY,"FILM BY EDDY,필름바이에디,필바에,에디",75,"1인 33,000원","0915,1045,1215,1345,1520,1650,1820,1950,2125",,"0915,1045,1215,1345,1520,1650,1820,1950,2125",,
key_mc,키이스케이프 메모리컴퍼니,key_mc2,FILM BY STEVE,"FILM BY STEVE,필름바이스티브,필바스,스티브",80,"1인 34,000원","0940,1040,1140,1240,1340,1440,1540,1640,1740,1840,1940,2040,2140",,"0940,1040,1140,1240,1340,1440,1540,1640,1740,1840,1940,2040,2140",,
key_mc,키이스케이프 메모리컴퍼니,key_mc3,FILM BY BOB,"FILM BY BOB,필름바이밥,필바밥,밥",75,"1인 35,000원","0910,1035,1200,1325,1450,1620,1745,1915,2040,2205",,"0910,1035,1200,1325,1450,1620,1745,1915,2040,2205",,
key_mm,키이스케이프 무비무드,key_mm1,"HAVE A GOOD TAPE, DAVE","해브어굿테이프,데이브,HAVE A GOOD TAPE DAVE",60,"1인 16,000원","1105,1220,1335,1450,1605,1720,1835,1950,2105",,"1105,1220,1335,1450,1605,1720,1835,1950,2105",,
key_mm,키이스케이프 무비무드,key_mm2,Cat's Lock,"캣츠락,CAT'S LOCK",60,"1인 16,000원","1115,1230,1345,1500,1615,1730,1845,2000,2115",,"1115,1230,1345,1500,1615,1730,1845,2000,2115",,
key_mm,키이스케이프 무비무드,key_mm3,시아와세 환전소,시아와세환전소,60,"1인 16,000원","1050,1205,1320,1435,1550,1705,1820,1935,2050",,"1050,1205,1320,1435,1550,1705,1820,1935,2050",,
key_mm,키이스케이프 무비무드,key_mm4,AFTERLIFE AIRLINES,"애프터라이프에어라인, AFTERLIFE AIRLINES",60,"1인 16,000원","1055,1210,1325,1440,1555,1710,1825,1940,2055",,"1055,1210,1325,1440,1555,1710,1825,1940,2055",,
key_mm,키이스케이프 무비무드,key_mm5,5관 E열 4번,"5관E열4번,오관이열사번",60,"1인 16,000원","1110,1225,1340,1455,1610,1725,1840,1955,2110",,"1110,1225,1340,1455,1610,1725,1840,1955,2110",,
key_mm,키이스케이프 무비무드,key_mm6,ONCE OVEN A TIME,"원스오븐어타임,ONCE OVEN A TIME",60,"1인 16,000원","1100,1215,1330,1445,1600,1715,1830,1945,2100",,"1100,1215,1330,1445,1600,1715,1830,1945,2100",,
key_bs,키이스케이프 부산점,key_bs1,난쟁이의 장난,난쟁이의장난,60,"1인 22,000원","1215,1330,1450,1610,1730,1850,2010,2125",,"1115,1225,1340,1500,1620,1740,1900,2015,2130",,
key_bs,키이스케이프 부산점,key_bs2,신비의 숲 고대 마법의 비밀,"신비의숲,고대마법의비밀",60,"1인 22,000원","1230,1345,1500,1620,1740,1900,2020,2135",,"1125,1240,1355,1510,1630,1750,1910,2025,2140",,
key_bs,키이스케이프 부산점,key_bs3,정신병동,정신병동,60,"1인 22,000원","1225,1340,1455,1615,1735,1855,2015,2130",,"1125,1240,1355,1510,1630,1750,1910,2025,2140",,
key_bs,키이스케이프 부산점,key_bs4,파파라치,파파라치,60,"1인 22,000원","1215,1330,1450,1610,1730,1850,2010,2125",,"1115,1225,1340,1500,1620,1740,1900,2015,2130",,
key_bs,키이스케이프 부산점,key_bs5,셜록 죽음의 전화,셜록죽음의전화,60,"1인 22,000원","1230,1345,1500,1620,1740,1900,2020,2135",,"1130, 1245,1400,1515,1635,1755,1915,2030,2145",,
key_wl,키이스케이프 우주라이크,key_wl1,US,"어스,US",65,"1인 28,000원","0955,1115,1235,1355,1515,1635,1755,1915,2035,2155",,"0955,1115,1235,1355,1515,1635,1755,1915,2035,2155",,
key_wl,키이스케이프 우주라이크,key_wl2,WANNA GO HOME,"워너고홈,WANNA GO HOME",70,"1인 29,000원","1000,1130,1300,1430,1600,1730,1900,2030,2200",,"1000,1130,1300,1430,1600,1730,1900,2030,2200",,
key_jj,키이스케이프 전주점,key_jj1,사라진 목격자,사라진목격자,60,"1인 22,000원","1120,1235,1350,1505,1620,1735,1850,2005,2120,2235,2350",,"1120,1235,1350,1505,1620,1735,1850,2005,2120,2235,2350",,
key_jj,키이스케이프 전주점,key_jj2,혜화잡화점,혜화잡화점,60,"1인 22,000원","1110,1225,1340,1455,1610,1725,1840,1955,2110,2225,2340",,"1110,1225,1340,1455,1610,1725,1840,1955,2110,2225,2340",,
key_jj,키이스케이프 전주점,key_jj3,살랑살랑연구소 (전주),"살랑살랑연구소,살살연",60,"1인 22,000원","1125,1240,1355,1510,1625,1740,1855,2010,2125,2240,2355",,"1125,1240,1355,1510,1625,1740,1855,2010,2125,2240,2355",,
key_jj,키이스케이프 전주점,key_jj4,월야애담 (전주),월야애담,60,"1인 22,000원","1115,1230,1345,1500,1615,1730,1845,2000,2115,2230,2345",,"1115,1230,1345,1500,1615,1730,1845,2000,2115,2230,2345",,
key_hd,키이스케이프 홍대점,key_hd1,삐릿-뽀,"삐릿뽀,삐리뽀,삐릿-뽀",75,"1인 27,000원","1010,1150,1330,1510,1650,1830,2010,2150",,"1010,1150,1330,1510,1650,1830,2010,2150",,
key_hd,키이스케이프 홍대점,key_hd2,홀리데이,"홀리데이,HOLYDAY",60,"1인 23,000원","1020,1140,1300,1420,1540,1700,1820,1940,2100,2220",,"1020,1140,1300,1420,1540,1700,1820,1940,2100,2220",,
key_hd,키이스케이프 홍대점,key_hd3,고백,고백,85,"1인 28,000원","1000,1155,1350,1545,1740,1935,2130",,"1000,1155,1350,1545,1740,1935,2130",,
key_wt,키이스케이프 후즈데어,key_wt1,AYAKO,"아야코,아야꼬,AYAKO",70,"1인 35,000원","0955,1050,1145,1240,1335,1430,1525,1620,1715,1810,1905,2000,2055,2150",,"0955,1050,1145,1240,1335,1430,1525,1620,1715,1810,1905,2000,2055,2150",,
key_wt,키이스케이프 후즈데어,key_wt2,투투 어드벤처,"투투어드벤처,투투어드벤쳐",70,"1인 35,000원","0945,1040,1135,1230,1325,1420,1515,1610,1705,1800,1855,1950,2045,2140",,"0945,1040,1135,1230,1325,1420,1515,1610,1705,1800,1855,1950,2045,2140",,
key_wt,키이스케이프 후즈데어,key_wt3,괴록,괴록,70,"1인 35,000원","0935,1030,1125,1220,1315,1410,1505,1600,1655,1750,1845,1940,2035,2130",,"0935,1030,1125,1220,1315,1410,1505,1600,1655,1750,1845,1940,2035,2130",,
key_el,키이스케이프X에버랜드 메모리카니발,key_el1,MEMORY OF POPPY,"MEMORY OF POPPY,메모리오브포피,메모리오브파피",75,"인원수에 따라 상이 (2~6인 / 150,000원 ~240,000원)","1030,1200,1430,1600,1730",,"1030,1200,1430,1600,1730",,
key_el,키이스케이프X에버랜드 메모리카니발,key_el2,MEMORY OF RICKY,"MEMORY OF RICKY,메모리오브리키",50,"1키트 12,000원 (1~2인)","1030,1100,1130,1200,1230,1300,1330,1400,1430,1500,1530,1600,1630,1700",,"1030,1100,1130,1200,1230,1300,1330,1400,1430,1500,1530,1600,1630,1700",,
key_el,키이스케이프X에버랜드 메모리카니발,key_el3,MEMORY OF TONY,"MEMORY OF TONY,메모리오브토니",30,"1인 18,000원","1040,1105,1130,1155,1220,1245,1425,1450,1515,1540,1605,1630,1655,1720,1745,1810",,"1040,1105,1130,1155,1220,1245,1425,1450,1515,1540,1605,1630,1655,1720,1745,1810",,
esc_bro,탈출 브라더스,esc_bro1,지하감옥,지하감옥,60,"1인 22,000원","1350,1500,1610,1730,1850,2010,2130",,"1220,1330,1450,1610,1730,1850,2010,2130,2240",5,
esc_bro,탈출 브라더스,esc_bro2,파라오의 비밀,파라오의 비밀,60,"1인 22,000원","1400,1510,1620,1740,1900,2020,2140",,"1230,1340,1500,1620,1740,1900,2020,2140,2250",5,
esc_bro,탈출 브라더스,esc_bro3,도둑들,도둑들,60,"1인 22,000원","1400,1510,1620,1740,1900,2020,2140",,"1230,1340,1500,1620,1740,1900,2020,2140,2250",5,
esc_bro,탈출 브라더스,esc_bro4,원혼의 저주,원혼의 저주,60,"1인 22,000원","1350,1500,1610,1730,1850,2010,2130",,"1220,1330,1450,1610,1730,1850,2010,2130,2240",5,
esc_bro,탈출 브라더스,esc_bro5,달의 제단,달의 제단,60,"1인 22,000원","1345,1450,1600,1720,1840,2000,2120",,"1210,1320,1440,1600,1720,1840,2000,2120,2230",5,
esc_bro,탈출 브라더스,esc_bro6,미드나잇콜링,미드나잇콜링,60,"1인 22,000원","1345,1450,1600,1720,1840,2000,2120",,"1210,1320,1440,1600,1720,1840,2000,2120,2230",5,
crew_sc2,탐정크루 신촌2호점,crew_sc2_1,초코의 왕,초코의 왕,50,"1인 16,000원","1300,1400,1500,1600,1700,1800,1900,2000",,"1235,1335,1435,1535,1635,1735,1835,1935",,
crew_sc2,탐정크루 신촌2호점,crew_sc2_2,대저택의 비밀,대저택의 비밀,50,"1인 16,000원","1310,1410,1510,1610,1710,1810,1910,2010",,"1245,1345,1445,1545,1645,1745,1845,1945",,
crew_sc2,탐정크루 신촌2호점,crew_sc2_3,출근길,출근길,50,"1인 16,000원","1325,1425,1525,1625,1725,1825,1925",,"1300,1400,1500,1600,1700,1800,1900,2000",,
crew_sc2,탐정크루 신촌2호점,crew_sc2_4,소년의 마음,소년의 마음,50,"1인 16,000원","1335,1435,1535,1635,1735,1835,1935",,"1310,1410,1510,1610,1710,1810,1910,2010",,
crew_sc2,탐정크루 신촌2호점,crew_sc2_5,크라임씬 - 이상한 부부 이야기,크라임씬 - 이상한 부부 이야기,50,"1인 16,000원","1350,1450,1550,1650,1750,1850,1950",,"1325,1425,1525,1625,1725,1825,1925",,
ts_cag,테라스페이스 아트갤러리점,ts_cag1,한탕,한탕,60,"1인 24,000원","1230,1350,1510,1630,1750,1910,2030,2150,2310",,"1100,1220,1340,1500,1620,1740,1900,2020,2140",,
ts_cag,테라스페이스 아트갤러리점,ts_cag2,오버클럭,오버클럭,60,"1인 24,000원","1200,1315,1430,1545,1700,1815,1930,2045,2200,2315",,"1030,1145,1300,1415,1530,1645,1800,1915,2030,2145,2300",,
ts_cag,테라스페이스 아트갤러리점,ts_cag3,이세계 선술집,이세계선술집,60,"1인 24,000원","1200,1340,1500,1620,1740,1900,2020,2140,2300",,"1050,1210,1330,1450,1610,1730,1850,2010,2130,2250",,
ts_cag,테라스페이스 아트갤러리점,ts_cag4,아트갤러리,아트갤러리,60,"1인 24,000원","1210,1330,1450,1610,1730,1850,2010,2130,2250",,"1040,1200,1320,1440,1600,1720,1840,2000,2120,2240",,
ts_hd,테라스페이스 홍대점,ts_hd1,NOEXIT,"노엑시트,NOEXIT",70,"1인 27,000원","1200,1340,1520,1700,1840,2020,2200",,"1030,1210,1350,1530,1710,1850,2030,2210",,
ts_hd,테라스페이스 홍대점,ts_hd2,검은의사,검은의사,60,"1인 26,000원","1210,1325,1440,1555,1710,1825,1940,2055,2210",,"1040,1155,1310,1425,1540,1655,1810,1925,2040,2155",,
tte_hd,티켓투이스케이프,tte_hd1,게임의 법칙,"게임의법칙,겜법",99,"1인 33,000원","1015,1210,1405,1600,1755,1950,2145",,"1015,1210,1405,1600,1755,1950,2145",,
tte_hd,티켓투이스케이프,tte_hd10,해줘! 놈즈,"해줘,놈즈",75,"1인 23,000원","1030,1200,1330,1500,1630,1800,1930,2100,2230",,"1030,1200,1330,1500,1630,1800,1930,2100,2230",,
tte_hd,티켓투이스케이프,tte_hd11,로랑 옥스포드,로랑옥스포드,60,"1인 23,000원","1050,1205,1320,1435,1550,1705,1820,1935,2050,2205",,"1050,1205,1320,1435,1550,1705,1820,1935,2050,2205",,
tte_hd,티켓투이스케이프,tte_hd12,"오, 자네 왔는가!",오자네왔는가,60,"1인 23,000원","1110,1225,1340,1455,1610,1725,1840,1955,2110,2225",,"1110,1225,1340,1455,1610,1725,1840,1955,2110,2225",,
tte_hd,티켓투이스케이프,tte_hd13,SCENE BEHIND THE SIN,"SCENE BEHIND THE SIN,씬비하인드더씬,씬비씬,씬비씬",60,"1인 23,000원","1050,1205,1320,1435,1550,1705,1820,1935,2050,2205",,"1050,1205,1320,1435,1550,1705,1820,1935,2050,2205",,
tte_hd,티켓투이스케이프,tte_hd14,하씨 심부름 센터,하씨심부름센터,60,"1인 23,000원","1115,1235,1350,1505,1620,1735,1850,2005,2120,2235",,"1115,1235,1350,1505,1620,1735,1850,2005,2120,2235",,
tte_hd,티켓투이스케이프,tte_hd15,갤럭시 익스프레스,"갤럭시익스프레스,갤익",40,"1인 14,000원","1030,1115,1200,1245,1330,1415,1500,1545,1630,1715,1800,1845,1930,2015,2100,2145,2230",,"1030,1115,1200,1245,1330,1415,1500,1545,1630,1715,1800,1845,1930,2015,2100,2145,2230",,
tte_hd,티켓투이스케이프,tte_hd2,삼일 보육원,"삼일보육원,삼보",75,"1인 28,000원","1030,1200,1330,1500,1630,1800,1930,2100,2230",,"1030,1200,1330,1500,1630,1800,1930,2100,2230",,
tte_hd,티켓투이스케이프,tte_hd3,히든 시나리오,히든시나리오,80,"1인 28,000원","1040,1220,1400,1540,1720,1900,2040,2220",,"1040,1220,1400,1540,1720,1900,2040,2220",,
tte_hd,티켓투이스케이프,tte_hd4,"HELLO, PRAY","HELLO,PRAY,헬로프레이,헬프",75,"1인 28,000원","1020,1150,1320,1450,1620,1750,1920,2050,2220",,"1020,1150,1320,1450,1620,1750,1920,2050,2220",,
tte_hd,티켓투이스케이프,tte_hd5,웨스턴 뱅,"웨스턴뱅,웨뱅",70,"1인 25,000원","1030,1200,1330,1500,1630,1800,1930,2100,2230",,"1030,1200,1330,1500,1630,1800,1930,2100,2230",,
tte_hd,티켓투이스케이프,tte_hd6,낮과 밤,낮과밤,60,"1인 23,000원","1020,1135,1250,1405,1520,1635,1750,1905,2020,2135",,"1020,1135,1250,1405,1520,1635,1750,1905,2020,2135",,
tte_hd,티켓투이스케이프,tte_hd7,라빈의 보물상점,라빈의보물상점,60,"1인 23,000원","1010,1125,1240,1355,1510,1625,1740,1855,2010,2125",,"1010,1125,1240,1355,1510,1625,1740,1855,2010,2125",,
tte_hd,티켓투이스케이프,tte_hd8,The Way Out,"THE WAY OUT,더웨이아웃",60,"1인 23,000원","1030,1145,1300,1415,1530,1645,1800,1915,2030,2145",,"1030,1145,1300,1415,1530,1645,1800,1915,2030,2145",,
tte_hd,티켓투이스케이프,tte_hd9,364일,364일,65,"1인 23,000원","1015,1140,1305,1430,1555,1720,1845,2010,2135",,"1015,1140,1305,1430,1555,1720,1845,2010,2135",,
pm_bs,파노라마 부산점,pm_bs1,미래재난리포트,미래재난리포트,60,"1인 22,000원","1345,1455,1605,1715,1830,1945,2100",,"1000,1115,1230,1345,1455,1605,1715,1830,1945,2100,2215",,
pm_hs,파노라마 홍대삼거리점,pm_hs1,Puppet Play,"퍼펫플레이,puppetplay",70,"1인 28,000원","1140,1300,1420,1540,1700,1820,1940,2100",,"1040,1200,1320,1440,1600,1720,1840,2000,2120",,
pm_hd,파노라마 홍대입구점,pm_hd1,RULE THE DAY,"RULE THE DAY,룰더데이",65,"1인 28,000원","1000,1120,1240,1400,1520,1640,1800,1920,2040,2200",,"1000,1120,1240,1400,1520,1640,1800,1920,2040,2200",,
pm_lw,파노라마X롯데월드,pm_lw1,파란,파란,65,"1인 27,000원 / 롯데월드 이용객 1인 16,000원","1150,1325,1500,1650,1845",,"1150,1325,1500,1650,1845",,
ft_str1,판타스트릭 1호점,ft_str1_1,태초의 신부 : 이브 프로젝트,"태초의 신부 : 이브 프로젝트,태이프,테이프",100,"1인 34,000원","1200,1400,1520,1640,1800,1920,2120",,"1000,1120,1240,1400,1520,1640,1800,1920,2040,2200",,
ft_str2,판타스트릭 2호점,ft_str2_1,사자의 서 : 북 오브 두아트,사자의 서 : 북 오브 두아트,80,"1인 29,000원","1710,1820,1930,2040",,"1230,1340,1450,1600,1710,1820,1930,2040,2150",5,"월, 화, 수"
ft_str3,판타스트릭 TGC,ft_str3_1,LOCKDOWN CITY,"LOCKDOWN CITY,락다운시티",100,"3인 120,000원","1300,1500,1700,1900,2100",,"1100,1300,1500,1700,1900,2100",,
ft_str3,판타스트릭 TGC,ft_str3_2,시간의 영속성,시간의 영속성,80,"1인 22,000원","1400,1600,1800,2000,2200",,"1200,1400,1600,1800,2000,2200",,
ft_sia,판타지아,ft_sia1,찬미특수진료센터 : The 1st Case,찬미특수진료센터 : The 1st Case,80,"1인 29,000원","1205,1355,1545,1735,1925,2115,1105",,"1205,1355,1545,1735,1925,2115,1105",,
ft_sia,판타지아,ft_sia2,Inspecto : The 2nd Case,"Inspecto : The 2nd Case,인스펙토",80,"1인 29,000원","1150,1340,1530,1720,1910,2100,2250",,"1150,1340,1530,1720,1910,2100,2250",,
ft_sia,판타지아,ft_sia3,"Get O, Get O!","Get O, Get O!,겟오겟오",90,"1인 33,000원","1110,1300,1450,1640,1830,2020,2210",,"1110,1300,1450,1640,1830,2020,2210",,
pnc_md,패닉이스케이프 목동점,pnc_md1,매직아카데미,매직아카데미,80,"1인 27,000원","1450,1630,1810,1950,2130",,"0950,1130,1310,1450,1630,1810,1950,2130",,
pnc_md,패닉이스케이프 목동점,pnc_md2,ARROW,"ARROW,애로우",60,"1인 22,000원","1350,1500,1610,1720,1830,1940,2050,2200",,"1010,1120,1240,1350,1500,1610,1720,1830,1940,2050,2200",,
pnc_md,패닉이스케이프 목동점,pnc_md3,두 얼굴의 영주,두 얼굴의 영주,60,"1인 22,000원","1410,1520,1640,1750,1900,2010,2120",,"1040,1150,1300,1410,1520,1640,1750,1900,2010,2120",,
pn_gn,포인트나인 강남점,pn_gn1,EP1 : 시간이 멈춘 마을,"시간이멈춘마을,시멈마",70,"1인 27,000원","1100,1230,1400,1530,1700,1830,2000,2130",,"1100,1230,1400,1530,1700,1830,2000,2130",,
pn_gn,포인트나인 강남점,pn_gn2,EP2 : 열쇠공의 이중생활,열쇠공의이중생활,70,"1인 27,000원","1110,1240,1410,1540,1710,1840,2010,2140",,"1110,1240,1410,1540,1710,1840,2010,2140",,
pn_gn,포인트나인 강남점,pn_gn3,EP3 : 눈 먼 귀금속상인의 후회,눈먼귀금속상인의후회,70,"1인 27,000원","1120,1250,1420,1550,1720,1850,2020,2150",,"1120,1250,1420,1550,1720,1850,2020,2150",,
pn_gn,포인트나인 강남점,pn_gn4,EP4 : 주인 없는 낡은 서점,주인없는낡은서점,70,"1인 27,000원","1130,1300,1430,1600,1730,1900,2030,2200",,"1130,1300,1430,1600,1730,1900,2030,2200",,
pn_kd,포인트나인 건대점,pn_kd1,Jack in the Show,"jack in the show,잭인더쇼,잭쇼",75,"1인 34,000원","1320,1410,1500,1550,1640,1730,1820,1910,2000,2050,2140,2230",,"1000,1050,1140,1230,1320,1410,1500,1550,1640,1730,1820,1910,2000,2050,2140,2230,2320",,
pn_kd,포인트나인 건대점,pn_kd2,RETURN,"RETURN,리턴",60,"1인 24,000원","1250,1400,1510,1620,1740,1850,2020,2130,2250",,"0950,1100,1210,1320,1430,1540,1650,1800,1910,2020,2130,2240,2350",,
pn_kd,포인트나인 건대점,pn_kd3,ALBA,"ALBA,알바",70,"1인 26,000원","1300,1420,1540,1700,1830,1950,2120,2240",,"1010,1130,1250,1410,1530,1650,1810,1930,2050,2210,2330",,
pn_hd,포인트나인 홍대점,pn_hd1,SILENT,"SILENT,사일런트",75,"1인 32,000원","0940,1030,1120,1210,1300,1350,1440,15301620,1710,1800,1850,1940,2030,2120,2210,2300,2350",,"0940,1030,1120,1210,1300,1350,1440,15301620,1710,1800,1850,1940,2030,2120,2210,2300,2350",,
pn_hd,포인트나인 홍대점,pn_hd2,LISTEN,"LISTEN,리슨",75,"1인 30,000원","1000,1130,1300,1430,1600,1730,1900,2030,2200,2330",,"1000,1130,1300,1430,1600,1730,1900,2030,2200,2330",,
frk_as,프랭크의 골동품가게,frk_as1,My Private Heaven,"My Private Heaven,마이프라이빗헤븐,마프헤,마헤븐",75,"1인 28,000원","1030,1220,1330,1500,1630,1800,1930,2100,2230",,"1030,1220,1330,1500,1630,1800,1930,2100,2230",,
frk_as,프랭크의 골동품가게,frk_as2,Brooklyn My Love,"Brooklyn My Love,브루클린마이러브,브마럽",75,"1인 29,000원","1040,1210,1340,1510,1640,1810,1940,2110,2240",,"1040,1210,1340,1510,1640,1810,1940,2110,2240",,
frk_as,프랭크의 골동품가게,frk_as3,Plan to save my dear,"Plan to save my dear,플랜투세이브마이디어",70,"1인 28,000원","1010,1140,1310,1440,1610,1740,1910,2040,2210",,"1010,1140,1310,1440,1610,1740,1910,2040,2210",,
ptw_gn,플레이더월드 강남점,ptw_gn1,두근두근 러브 대작전,"두근두근러브대작전,두두러,두러대",70,"1인 24,000원","1230,1445,1650,1830,2025",,"1010,1155,1340,1525,1705,1840,2020,2200",,
ptw_gn,플레이더월드 강남점,ptw_gn2,이웃집 또도와,이웃집또도와,110,"1인 30,000원","1200,1400,1600,1800,2000",,"1000,1155,1350,1545,1740,1935,2130",,
ptw_gn,플레이더월드 강남점,ptw_gn3,조선피자몰,"조선피자몰,조피몰",60,"1인 22,000원","1210,1410,1550,1725,1900,2040",,"1010,1140,1315,1455,1630,1800,1930,2055,2230",,
ptw_gn,플레이더월드 강남점,ptw_gn4,이상한 나라로 출두요,"이상한나라로출두요,이나출",100,"1인 22,000원","1510,1740",,"1100,1420,1725",,
ptw_gn,플레이더월드 강남점,ptw_gn5,이웃집 또털어,이웃집또털어,80,"1인 26,000원","1300,1450,1640,1830,2020",,"0950,1135,1320,1505,1650,1835,2015,2155",,
ptw_gn,플레이더월드 강남점,ptw_gn6,먹루마블,먹루마블,80,"1인 26,000원","1520,1750,1955",,"1020,1235,1450,1700,1900,2100",,
ptw_kd,플레이더월드 건대점,ptw_kd1,선고,선고,60,"1인 22,000원","1040,1155,1310,1425,1540,1655,1810,1925,2040,2155",,"1040,1155,1310,1425,1540,1655,1810,1925,2040,2155",,
ptw_kd,플레이더월드 건대점,ptw_kd2,사악한 악마와 달콤한 공장,"사악한악마와달콤한공장,사악달공",60,"1인 22,000원","1100,1215,1330,1445,1600,1715,1830,1945,2100,2215",,"1100,1215,1330,1445,1600,1715,1830,1945,2100,2215",,
ptw_kd,플레이더월드 건대점,ptw_kd3,뱀파이어 헌터,"뱀파이어헌터,뱀헌",60,"1인 22,000원","1050,1205,1320,1435,1550,1705,1820,1935,2050,2205",,"1050,1205,1320,1435,1550,1705,1820,1935,2050,2205",,
ptw_kd,플레이더월드 건대점,ptw_kd4,개수작,개수작,60,"1인 22,000원","1120,1235,1350,1505,1620,1735,1850,2005,2120,2235",,"1120,1235,1350,1505,1620,1735,1850,2005,2120,2235",,
ptw_kd,플레이더월드 건대점,ptw_kd5,전지적 교수님 시점,"전지적교수님시점,전교시",60,"1인 22,000원","1110,1225,1340,1455,1610,1725,1840,1955,2110,2225",,"1110,1225,1340,1455,1610,1725,1840,1955,2110,2225",,
ptw_dj,플레이더월드 대전은행점,ptw_dj1,방탈 GO,"방탈GO,방탈고",30,"1인 11,000원","1010,1055,1140,1225,1310,1355,1440,1525,1610,1655,1740,1825,1910,1955,2040,2125,2210,2255",,"1010,1055,1140,1225,1310,1355,1440,1525,1610,1655,1740,1825,1910,1955,2040,2125,2210,2255",,
ptw_dj,플레이더월드 대전은행점,ptw_dj2,당근이세용?,당근이세용?,60,"1인 22,000원","1020,1135,1250,1405,1520,1635,1750,1905,2020,2135,2250",,"1020,1135,1250,1405,1520,1635,1750,1905,2020,2135,2250",,
ptw_dj,플레이더월드 대전은행점,ptw_dj3,007빵,"007빵,공공칠빵",70,"1인 24,000원","1000,1125,1250,1415,1540,1705,1830,1955,2120,2245",,"1000,1125,1250,1415,1540,1705,1830,1955,2120,2245",,
ptw_dj,플레이더월드 대전은행점,ptw_dj4,문제없는 방,문제없는방,45,"1인 16,000원","1005,1105,1205,1305,1405,1505,1605,1705,1805,1905,2005,2105,2205,2305",,"1005,1105,1205,1305,1405,1505,1605,1705,1805,1905,2005,2105,2205,2305",,
ptw_dj,플레이더월드 대전은행점,ptw_dj5,삐질삐질 사우나,삐질삐질사우나,60,"1인 22,000원","1015,1130,1245,1400,1515,1630,1745,1900,2015,2130,2245",,"1015,1130,1245,1400,1515,1630,1745,1900,2015,2130,2245",,
ptw_dj,플레이더월드 대전은행점,ptw_dj6,봉봉쥬스 미스테리,"봉봉쥬스 미스테리, 봉봉쥬스 미스터리,봉봉주스",60,"1인 22,000원","0955,1110,1225,1340,1455,1610,1725,1840,1955,2110,2225",,"0955,1110,1225,1340,1455,1610,1725,1840,1955,2110,2225",,
ptw_dj,플레이더월드 대전은행점,ptw_dj7,평화고시원,"평화고시원,평고",70,"1인 24,000원","0950,1115,1240,1405,1530,1655,1820,1945,2110,2235",,"0950,1115,1240,1405,1530,1655,1820,1945,2110,2235",,
ptw_dsr,플레이더월드 동성로점,ptw_dsr1,지금 가는 중..,지금가는중,60,"1인 22,000원","1020,1135,1250,1405,1520,1635,1750,1905,2020,2135,2305",,"1020,1135,1250,1405,1520,1635,1750,1905,2020,2135,2305",,
ptw_dsr,플레이더월드 동성로점,ptw_dsr2,고양만두,고양만두,60,"1인 22,000원","1040,1155,1310,1425,1540,1655,1810,1925,2040,2155,2325",,"1040,1155,1310,1425,1540,1655,1810,1925,2040,2155,2325",,
ptw_dsr,플레이더월드 동성로점,ptw_dsr3,알바천국 솔로지옥,알바천국솔로지옥,60,"1인 22,000원","1010,1125,1240,1355,1510,1625,1740,1855,2010,2125,2255",,"1010,1125,1240,1355,1510,1625,1740,1855,2010,2125,2255",,
ptw_dsr,플레이더월드 동성로점,ptw_dsr4,엄마 나 만원만,엄마나만원만,60,"1인 22,000원","1030,1145,1300,1415,1530,1645,1800,1915,2030,2145,2315",,"1030,1145,1300,1415,1530,1645,1800,1915,2030,2145,2315",,
ptw_bp,플레이더월드 부평점,ptw_bp1,노 웨이 아웃,"NO WAY OUT,노웨이아웃",60,"1인 22,000원","1040,1155,1310,1425,1540,1655,1810,1925,2040,2155",,"1040,1155,1310,1425,1540,1655,1810,1925,2040,2155",,
ptw_bp,플레이더월드 부평점,ptw_bp2,세이브 더 월드,"SAVE THE WORLD,세이브더월드",60,"1인 22,000원","1100,1215,1330,1445,1600,1715,1830,1945,2100,2215",,"1100,1215,1330,1445,1600,1715,1830,1945,2100,2215",,
ptw_bp,플레이더월드 부평점,ptw_bp3,호스피스,호스피스,75,"1인 24,000원","1020,1145,1315,1445,1615,1745,1915,2045,2215",,"1020,1145,1315,1445,1615,1745,1915,2045,2215",,
ptw_bp,플레이더월드 부평점,ptw_bp4,별점테러 짜장나요,별점테러짜장나요,60,"1인 22,000원","1110,1225,1340,1455,1610,1725,1840,1955,2110,2225",,"1110,1225,1340,1455,1610,1725,1840,1955,2110,2225",,
ptw_bp,플레이더월드 부평점,ptw_bp5,구해줘 햄즈,구해줘햄즈,60,"1인 22,000원","1050,1205,1320,1435,1550,1705,1820,1935,2050,2205",,"1050,1205,1320,1435,1550,1705,1820,1935,2050,2205",,
ptw_pt,플레이더월드 평택점,ptw_pt1,시간전당포,시간전당포,60,"1인 22,000원","1110,1225,1340,1455,1610,1725,1840,1955,2110",,"1110,1225,1340,1455,1610,1725,1840,1955,2110",,
ptw_pt,플레이더월드 평택점,ptw_pt2,사귀,사귀,60,"1인 22,000원","1140,1255,1410,1525,1640,1755,1910,2025,2140",,"1140,1255,1410,1525,1640,1755,1910,2025,2140",,
ptw_pt,플레이더월드 평택점,ptw_pt3,대탈출2 (평택),대탈출2,60,"1인 22,000원","1120,1235,1350,1505,1620,1735,1850,2005,2120",,"1120,1235,1350,1505,1620,1735,1850,2005,2120",,
ptw_pt,플레이더월드 평택점,ptw_pt4,MSI 미제사건 전담반 (평택),MSI미제사건전담반,60,"1인 22,000원","1100,1215,1330,1445,1600,1715,1830,1945,2100",,"1100,1215,1330,1445,1600,1715,1830,1945,2100",,
ptw_pt,플레이더월드 평택점,ptw_pt5,집으로 (평택),집으로,60,"1인 22,000원","1130,1245,1400,1515,1630,1745,1900,2015,2130",,"1130,1245,1400,1515,1630,1745,1900,2015,2130",,
ptw_pt,플레이더월드 평택점,ptw_pt6,쌩얼 (평택),쌩얼,60,"1인 22,000원","1145,1300,1415,1530,1645,1800,1915,2030,2145",,"1145,1300,1415,1530,1645,1800,1915,2030,2145",,
pa_hd,플레이아레나 홍대점,pa_hd1,풀리지 않는 49칸의 수수께끼,풀리지 않는 49칸의 수수께끼,169,"1인 30,000원","1230,1600,1930",,"1230,1600,1930",,
ppl_gn,플레이포인트랩 강남점,ppl_gn1,리허설 (강남),리허설,60,"1인 22,000원","1440,1555,1710,1825,1940,2055,2210",,"1210,1325,1440,1555,1710,1825,1940,2055,2210",,
ppl_gn,플레이포인트랩 강남점,ppl_gn2,갱생,갱생,80,"1인 25,000원","1510,1645,1820,1955,2130",,"1200,1335,1510,1645,1820,1955,2130",,
ppl_gn,플레이포인트랩 강남점,ppl_gn3,더맨,더맨,80,"1인 25,000원","1540,1720,1900,2040",,"1220,1400,1540,1720,1900,2040",,
ppl_gn,플레이포인트랩 강남점,ppl_gn4,STAFF ONLY,"STAFF ONLY,스태프온리",60,"1인 23,000원","1510,1630,1750,1910,2030,2150",,"1230,1350,1510,1630,1750,1910,2030,2150",,
ppl_gn,플레이포인트랩 강남점,ppl_gn5,작은창고,작은창고,60,"1인 18,000원","1445,1600,1715,1830,1945,2100,2215",,"1215,1330,1445,1600,1715,1830,1945,2100,2215",,
ppl_gn,플레이포인트랩 강남점,ppl_gn6,위로,위로,70,"1인 25,000원","1455,1620,1745,1910,2035,2200",,"1205,1330,1455,1620,1745,1910,2035,2200",,
ppl_nw,플레이포인트랩 노원점,ppl_nw1,EMOTION_이모션,"EMOTION,이모션",60,"1인 22,000원","1205,1320,1435,1550,1705,1820,1935,2050",,"1230,1350,1510,1630,1750,1910,2030",,
ppl_nw,플레이포인트랩 노원점,ppl_nw2,TIME CRACK_타임크랙,"TIME CRACK,타임크랙",60,"1인 22,000원","1215,1330,1445,1600,1715,1830,1945,2100",,"1240,1400,1520,1640,1800,1920,2040",,
ppl_nw,플레이포인트랩 노원점,ppl_nw3,일탈,일탈,60,"1인 22,000원","1225,1340,1455,1610,1725,1840,1955,2110",,"1250,1410,1530,1650,1810,1930,2050",,
ppl_nw,플레이포인트랩 노원점,ppl_nw4,통제구역,통제구역,60,"1인 22,000원","1235,1350,1505,1620,1735,1850,2005,2120",,"1300,1420,1540,1700,1820,1940,2100",,
ppl_bso,플레이포인트랩 부산서면오리진점,ppl_bso1,스팀스파이어사가,스팀스파이어사가,75,"1인 27,000원","1220,1350,1520,1650,1820,1950,2120,2250",,"1120,1250,1420,1550,1720,1850,2020,2150",,
ppl_bso,플레이포인트랩 부산서면오리진점,ppl_bso2,별의 미로,별의 미로,60,,,,,,
ppl_bso,플레이포인트랩 부산서면오리진점,ppl_bso3,그늘사진관,그늘사진관,70,"1인 28,000원","1230,1400,1530,1700,1830,2000,2130,2300",,"1130,1300,1430,1600,1730,1900,2030,2200",,
ppl_bso,플레이포인트랩 부산서면오리진점,ppl_bso4,재 : 트라우마,재:트라우마,70,"1인 27,000원","1210,1340,1510,1640,1810,1940,2110,2240",,"1110,1240,1410,1540,1710,1840,2010,2140",,
ppl_sts,플레이포인트랩 서면탄탄스트리트점,ppl_sts1,근비빌라 401호 가정방문,근비빌라401호가정방문,65,"1인 26,000원","1200,1330,1500,1630,1800,1930,2100,2230",,"1100,1230,1400,1530,1700,1830,2000,2130,2300",,
ppl_sts,플레이포인트랩 서면탄탄스트리트점,ppl_sts2,토이메이커,토이메이커,70,"1인 28,000원","1210,1340,1510,1640,1810,1940,2110,2240",,"1110,1240,1410,1540,1710,1840,2010,2140,2310",,
ppl_sts,플레이포인트랩 서면탄탄스트리트점,ppl_sts3,F등급킬러 : 다정리,"F등급킬러,다정리",73,"1인 29,000원","1220,1350,1520,1650,1820,1950,2120,2250",,"1120,1250,1420,1550,1720,1850,2020,2150,2320",,
ppl_js,플레이포인트랩 잠실점,ppl_js1,이스케이프플랜,이스케이프플랜,70,"1인 25,000원","1230,1400,1530,1700,1830,2000,2130",,"1100,1230,1400,1530,1700,1830,2000,2130",,
ppl_js,플레이포인트랩 잠실점,ppl_js2,어게인,어게인,60,"1인 22,000원","1230,1350,1510,1630,1750,1910,2030,2150",,"1110,1230,1350,1510,1630,1750,1910,2030,2150",,
ppl_js,플레이포인트랩 잠실점,ppl_js3,그리고 아무도 없었다,그리고아무도없었다,60,"1인 22,000원","1240,1400,1520,1640,1800,1920,2040,2200",,"1120,1240,1400,1520,1640,1800,1920,2040,2200",,
ppl_js,플레이포인트랩 잠실점,ppl_js4,블랙룸 : 쉽게 만들어진 방,"블랙룸,쉽게만들어진방",60,"1인 22,000원","1250,1410,1530,1650,1810,1930,2050,2210",,"1130,1250,1410,1530,1650,1810,1930,2050,2210",,
ppl_js,플레이포인트랩 잠실점,ppl_js5,#VOICE_샵보이스 (잠실),"#VOICE,샵보이스",60,"1인 22,000원","1300,1420,1540,1700,1820,1940,2100,2220",,"1140,1300,1420,1540,1700,1820,1940,2100,2220",,
ppl_js,플레이포인트랩 잠실점,ppl_js6,더 매치 : 마지막 전쟁,"더매치,마지막전쟁",60,"1인 22,000원","1310,1430,1550,1710,1830,1950,2110,2230",,"1150,1310,1430,1550,1710,1830,1950,2110,2230",,
ppl_cd,플레이포인트랩 천안두정점,ppl_cd1,시크릿가든,시크릿가든,60,"1인 22,000원","1020,1140,1300,1420,1540,1700,1820,1940,2100,2220,2340",,"1020,1140,1300,1420,1540,1700,1820,1940,2100,2220,2340",,
ppl_cd,플레이포인트랩 천안두정점,ppl_cd2,경찰서를 털어라 (천안),경찰서를털어라,60,"1인 22,000원","1030,1150,1310,1430,1550,1710,1830,1950,2110,2230,2350",,"1030,1150,1310,1430,1550,1710,1830,1950,2110,2230,2350",,
ppl_cd,플레이포인트랩 천안두정점,ppl_cd3,카마수트라,카마수트라,60,"1인 22,000원","1040,1200,1320,1440,1600,1720,1840,2000,2120,2240,2400",,"1040,1200,1320,1440,1600,1720,1840,2000,2120,2240,2400",,
ppl_cd,플레이포인트랩 천안두정점,ppl_cd4,13고스트,13고스트,60,"1인 22,000원","1050,1210,1330,1450,1610,1730,1850,2010,2130,2250,2410",,"1050,1210,1330,1450,1610,1730,1850,2010,2130,2250,2410",,
ppl_cd,플레이포인트랩 천안두정점,ppl_cd5,스카이넷,스카이넷,60,"1인 22,000원","1100,1220,1340,1500,1620,1740,1900,2020,2140,2300",,"1100,1220,1340,1500,1620,1740,1900,2020,2140,2300",,
ppl_cd,플레이포인트랩 천안두정점,ppl_cd6,화이트룸-클래식,"화이트룸,클래식",60,"1인 22,000원","1110,1230,1350,1510,1630,1750,1910,2030,2150,2310",,"1110,1230,1350,1510,1630,1750,1910,2030,2150,2310",,
ppl_cp,플레이포인트랩 천안프리미엄점,ppl_cp1,라퓨타,라퓨타,70,"1인 25,000원","1030,1155,1320,1445,1610,1735,1900,2025,2150,2315",,"1030,1155,1320,1445,1610,1735,1900,2025,2150,2315",,
ppl_cp,플레이포인트랩 천안프리미엄점,ppl_cp2,하루살이,하루살이,70,"1인 25,000원","1100,1230,1400,1530,1700,1830,2000,2130,2300",,"1100,1230,1400,1530,1700,1830,2000,2130,2300",,
ppl_cp,플레이포인트랩 천안프리미엄점,ppl_cp3,터널,터널,70,"1인 25,000원","1040,1205,1330,1455,1620,1745,1910,2035,2200,2325",,"1040,1205,1330,1455,1620,1745,1910,2035,2200,2325",,
ppl_cp,플레이포인트랩 천안프리미엄점,ppl_cp4,코드명 : MK,코드명MK,70,"1인 25,000원","1050,1215,1340,1505,1630,1755,1920,2045,2210,2335",,"1050,1215,1340,1505,1630,1755,1920,2045,2210,2335",,
ppl_cp,플레이포인트랩 천안프리미엄점,ppl_cp5,트러브메이커,트러브메이커,60,"1인 22,000원","1105,1220,1335,1450,1605,1720,1835,1950,2105,2220,2335",,"1105,1220,1335,1450,1605,1720,1835,1950,2105,2220,2335",,
ppl_cp,플레이포인트랩 천안프리미엄점,ppl_cp6,패럿가이,패럿가이,60,"1인 22,000원","1110,1225,1340,1455,1610,1725,1840,1955,2110,2225,2340",,"1110,1225,1340,1455,1610,1725,1840,1955,2110,2225,2340",,
ppl_hbs,플레이포인트랩 해운대 블루오션스테이션,ppl_hbs1,BANG,"BANG,뱅",68,"1인 29,000원","1130,1300,1430,1600,1730,1900,2030,2200",,"1030,1200,1330,1500,1630,1800,1930,2100,2230",,
ppl_hbs,플레이포인트랩 해운대 블루오션스테이션,ppl_hbs2,문앞에 두고 벨 눌러주세요,"문앞에두고벨눌러주세요,문두벨",60,"1인 23,000원","1150,1305,1420,1535,1650,1805,1920,2035,2150",,"1105,1220,1335,1450,1605,1720,1835,1950,2105,2220",,
ppl_hbs,플레이포인트랩 해운대 블루오션스테이션,ppl_hbs3,별의별,별의별,60,"1인 22,000원","1145,1300,1415,1530,1645,1800,1915,2030,2145",,"1055,1210,1325,1440,1555,1710,1825,1940,2055,2210",,
ppl_hbs,플레이포인트랩 해운대 블루오션스테이션,ppl_hbs4,리허설 (해운대),리허설,60,"1인 22,000원","1120,1240,1400,1520,1640,1800,1920,2040,2200",,"1100,1220,1340,1500,1620,1740,1900,2020,2140,2300",,
ppl_hbs,플레이포인트랩 해운대 블루오션스테이션,ppl_hbs5,캣츠아이,캣츠아이,70,"1인 27,000원","1140,1310,1440,1610,1740,1910,2040,2210",,"1040,1210,1340,1510,1640,1810,1940,2110,2240",,
ppl_hbs,플레이포인트랩 해운대 블루오션스테이션,ppl_hbs6,몽글숲,몽글숲,60,"1인 22,000원","1200,1330,1500,1630,1800,1930,2100",,"1115,1245,1415,1545,1715,1845,2015,2145",,
ppl_hd,플레이포인트랩 홍대점,ppl_hd1,온칼로,온칼로,60,"1인 22,000원","1010,1125,1240,1355,1510,1625,1740,1855,2010,2125,2240",,"1010,1125,1240,1355,1510,1625,1740,1855,2010,2125,2240",,
ppl_hd,플레이포인트랩 홍대점,ppl_hd2,연애조작단,연애조작단,60,"1인 22,000원","0950,1105,1220,1335,1450,1605,1720,1835,1950,2105,2220",,"0950,1105,1220,1335,1450,1605,1720,1835,1950,2105,2220",,
ppl_hd,플레이포인트랩 홍대점,ppl_hd3,B미술학원 13호실,B미술학원13호실,60,"1인 22,000원","1030,1145,1300,1415,1530,1645,1800,1915,2030,2145,2300",,"1030,1145,1300,1415,1530,1645,1800,1915,2030,2145,2300",,
hp_ad,해피앤딩,hp_ad1,H.B.D : 해피버스데이,"해피버스데이,H.B.D,해버데",60,"1인 25,000원","1130,1240,1400,1520,1640,1800,1920,2040,2150,2310",,"1000,1130,1240,1400,1520,1640,1800,1920,2040,2150,2310",,
hp_ad,해피앤딩,hp_ad2,탐정브래드맨 : 도넛살인사건,도넛살인사건,60,"1인 25,000원","1140,1300,1420,1540,1700,1820,1930,2045,2200,2320",,"1020,1140,1300,1420,1540,1700,1820,1930,2045,2200,2320",,
hp_ad,해피앤딩,hp_ad3,어?계인씨!,"어?계인씨!,어계인씨",45,"1인 15,000원","1210,1300,1350,1440,1530,1620,1710,1850,1940,2050,2140",,"1120,1210,1300,1350,1440,1530,1620,1710,1850,1940,2050,2140",,
hp_ad,해피앤딩,hp_ad4,앨리스전,앨리스전,60,"1인 25,000원","1130,1240,1400,1520,1640,1800,1920,2040,2200,2320",,"1000,1130,1240,1400,1520,1640,1800,1920,2040,2200,2320",,
gk_ts,황금열쇠 강남타임스퀘어점,gk_ts1,NOMON : THE ORDEAL,"노몬,NOMON",80,"1인 27,000원","1030,1140,1250,1400,1510,1620,1730,1840,1950,2100,2210",,"1030,1140,1250,1400,1510,1620,1730,1840,1950,2100,2210,2320",,
gk_ts,황금열쇠 강남타임스퀘어점,gk_ts2,섬 : 잊혀진 이야기,"섬,잊혀진이야기",80,"1인 26,000원","1015,1150,1325,1500,1635,1810,1945,2120",,"1015,1150,1325,1500,1635,1810,1945,2120,2255",,
gk_fl,황금열쇠 강남플라워로드점,gk_fl1,BACK화점,"백화점,BACK화점",70,"1인 26,000원","1130,1300,1430,1600,1730,1900,2030,2200",,"1000,1130,1300,1430,1600,1730,1900,2030,2200",,
gk_fl,황금열쇠 강남플라워로드점,gk_fl2,ANOTHER,"ANOTHER,어나더",70,"1인 25,000원","1120,1250,1420,1550,1720,1850,2020,2150",,"0950,1120,1250,1420,1550,1720,1850,2020,2150",,
gk_kd,황금열쇠 건대점,gk_kd1,fl[ae]sh,"fl[ae]sh,flaesh,플래쉬,플래시",70,"1인 25,000원","1125,1250,1415,1540,1705,1830,1955,2120,2245",,"1000,1125,1250,1415,1540,1705,1830,1955,2120,2245",,
gk_kd,황금열쇠 건대점,gk_kd2,NOW HERE,"NOW HERE,나우히어",70,"1인 25,000원","1150,1315,1440,1605,1730,1855,2020,2145,2310",,"1025,1150,1315,1440,1605,1730,1855,2020,2145,2310",,
gk_tk,황금열쇠 대구동성로2호점,gk_tk1,BAD ROB BAD,"BAD ROB BAD,배롭배,배드롭배드",70,"1인 27,000원","1200,1330,1500,1630,1800,1930,2100,2230",,"1030,1200,1330,1500,1630,1800,1930,2100,2230",,
gk_tk,황금열쇠 대구동성로2호점,gk_tk2,2Ways,"2WAYS,투웨이즈",70,"1인 27,000원","1150,1320,1450,1620,1750,1920,2050,2220",,"1020,1150,1320,1450,1620,1750,1920,2050,2220",,
gk_tk,황금열쇠 대구동성로2호점,gk_tk3,LAST,"LAST,라스트",70,"1인 26,000원","1200,1330,1500,1630,1800,1930,2100,2230",,"1030,1200,1330,1500,1630,1800,1930,2100,2230",,
gk_tk,황금열쇠 대구동성로2호점,gk_tk4,PILGRIM,"PILGRIM,필그림",70,"1인 26,000원","1150,1320,1450,1620,1750,1920,2050,2220",,"1020,1150,1320,1450,1620,1750,1920,2050,2220",,
gk_tk,황금열쇠 대구동성로2호점,gk_tk5,지옥,지옥,70,"1인 26,000원","1200,1330,1500,1630,1800,1930,2100,2230",,"1030,1200,1330,1500,1630,1800,1930,2100,2230",,
gk_tk,황금열쇠 대구동성로2호점,gk_tk6,"다시, 너에게","다시너에게,다시,너에게",65,"1인 23,000원","1150,1320,1450,1620,1750,1920,2050,2220",,"1020,1150,1320,1450,1620,1750,1920,2050,2220",,
gk_tk,황금열쇠 대구동성로2호점,gk_tk7,HEAVEN,"HEAVEN,헤븐",60,"1인 23,000원","1130,1250,1410,1530,1650,1810,1940,2110,2240",,"1010,1130,1250,1410,1530,1650,1810,1940,2110,2240",,
gk_tk,황금열쇠 대구동성로2호점,gk_tk8,냥탐정 셜록캣,냥탐정셜록캣,60,"1인 23,000원","1130,1250,1410,1530,1650,1810,1940,2110,2240",,"1010,1130,1250,1410,1530,1650,1810,1940,2110,2240",,
gk_dsr,황금열쇠 대구동성로점,gk_dsr1,경산,경산,65,"1인 26,000원","1220,1350,1515,1640,1805,1930,2055,2220",,"1050,1220,1350,1515,1640,1805,1930,2055,2220",,
gk_dsr,황금열쇠 대구동성로점,gk_dsr2,가이아 기적의 땅,"가이아,기적의땅",60,"1인 25,000원","1230,1400,1530,1700,1830,2000,2130,2250",,"1100,1230,1400,1530,1700,1830,2000,2130,2250",,
gk_dsr,황금열쇠 대구동성로점,gk_dsr3,"JAIL,O","JAIL,O,자일로",90,"1인 28,000원","1230,1430,1630,1830,2030,2200",,"1040,1230,1430,1630,1830,2030,2200",,
gk_dsr,황금열쇠 대구동성로점,gk_dsr4,타임스틸러,타임스틸러,75,"1인 27,000원","1155,1330,1520,1700,1840,2020,2215",,"1020,1155,1330,1520,1700,1840,2020,2215",,
gk_dsr,황금열쇠 대구동성로점,gk_dsr5,X됐다,"X됐다,좆됐다,ㅈ됐다",60,"1인 18,000원","1200,1330,1500,1630,1800,1930,2100,2230",,"1030,1200,1330,1500,1630,1800,1930,2100,2230",,
gk_ca,황금열쇠 천안아케이드점,gk_ca1,괴물,괴물,60,"1인 23,000원","1030,1145,1300,1415,1530,1645,1800,1915,2030,2145,2300",,"1030,1145,1300,1415,1530,1645,1800,1915,2030,2145,2300",,
hs_hd,히든스위치 홍대점,hs_hd1,Audrey,"오드리,AUDREY",75,"1인 25,000원","1130,1300,1430,1600,1730,1900,2030,2200",,"1130,1300,1430,1600,1730,1900,2030,2200",,
hs_hd,히든스위치 홍대점,hs_hd2,MISSING,"미씽,MISSING",75,"1인 25,000원","1200,1330,1500,1630,1800,1930,2100,2230",,"1200,1330,1500,1630,1800,1930,2100,2230",,
plus_esc,플러스 이스케이프,plus_esc1,루나빌리지,루나빌리지,180,"인원수에 따라 상이 (2~6인 / 1인 50,000원 ~ 86,000원)","1440,1900",,"1030,1440,1900",5,
mp_kd2,머더파커 건대2호점,mp_kd2_1,그림가문 : 초대받지 않은 손님,그림가문 : 초대받지 않은 손님,70,"1인 27,000원","1110,1235,1400,1525,1650,1815,1940,2105,2230",,"1110,1235,1400,1525,1650,1815,1940,2105,2230",,
mp_kd2,머더파커 건대2호점,mp_kd2_2,특수사건대응반,특수사건대응반,70,"1인 27,000원","1120,1245,1410,1535,1700,1825,1950,2115,2240",,"1120,1245,1410,1535,1700,1825,1950,2115,2240",,
mp_kd2,머더파커 건대2호점,mp_kd2_3,미로 : ME 路,미로,70,"1인 27,000원","1130,1300,1430,1600,1730,1900,2030,2200",,"1130,1300,1430,1600,1730,1900,2030,2200",,
gom_sm,게임 오브 마인드 서면점,gom_sm1,다크매직 - 어둠의 마법,"어둠의 마법,다크매직",60,"1인 22,500원","1000,1115,1230,1345,1500,1615,1730,1845,2000,2115,2230",,"1000,1115,1230,1345,1500,1615,1730,1845,2000,2115,2230",,
gom_sm,게임 오브 마인드 서면점,gom_sm2,다빈치 - 생명의 서,"생명의 서,다빈치",60,"1인 22,500원","1015,1130,1245,1400,1515,1630,1745,1900,2015,2130,2245",,"1015,1130,1245,1400,1515,1630,1745,1900,2015,2130,2245",,
gom_sm,게임 오브 마인드 서면점,gom_sm3,블랙매직 - 위험한 마법사,"위험한 마법사,블랙매직",60,"1인 22,500원","0945,1100,1215,1330,1445,1600,1715,1830,1945,2100,2215",,"0945,1100,1215,1330,1445,1600,1715,1830,1945,2100,2215",,
gom_sm,게임 오브 마인드 서면점,gom_sm4,카니발 - 미치광이 의사,"미치광이 의사,카니발",60,"1인 22,500원","1030,1145,1300,1415,1530,1645,1800,1915,2030,2145,2300",,"1030,1145,1300,1415,1530,1645,1800,1915,2030,2145,2300",,
sh_sw_2,셜록홈즈 수원역2호점 (T.A),sh_sw_2_1,그레이백작가의 밀실,그레이백작가의 밀실,60,1분당 350원,"1310,1425,1540,1655,1810,1925,2040,2155,2310",,"1040,1155,1310,1425,1540,1655,1810,1925,2040,2155,2310",,
sh_sw_2,셜록홈즈 수원역2호점 (T.A),sh_sw_2_2,제4창고에서의 탈출,제4창고에서의 탈출,60,1분당 350원,"1330,1445,1600,1715,1830,1945,2100,2215,2330",,"1100,1215,1330,1445,1600,1715,1830,1945,2100,2215,2330",,
sh_sw_2,셜록홈즈 수원역2호점 (T.A),sh_sw_2_3,ASDF,ASDF,60,1분당 350원,"1405,1520,1635,1750,1905,2020,2135,2250",,"1020,1135,1250,1405,1520,1635,1750,1905,2020,2135,2250",,
sh_sw_2,셜록홈즈 수원역2호점 (T.A),sh_sw_2_4,우수사원,우수사원,60,1분당 350원,,,,,
sh_sw_2,셜록홈즈 수원역2호점 (T.A),sh_sw_2_5,비밀번호 찾기,비밀번호 찾기,70,1분당 400원,,,,,
sh_sw_2,셜록홈즈 수원역2호점 (T.A),sh_sw_2_6,402호 병실,402호 병실,60,1분당 350원,,,,,
sh_sw_2,셜록홈즈 수원역2호점 (T.A),sh_sw_2_7,고서연전,고서연전,60,1분당 350원,,,,,
sh_sw_2,셜록홈즈 수원역2호점 (T.A),sh_sw_2_8,인생은 실전이다 종만아,인생은 실전이다 종만아,60,1분당 350원,,,,,
